image,laplacian_variance,edge_density,brightness,contrast,entropy,glare_percentage,fft_high,fft_peak_strength,glcm_contrast,glcm_homogeneity,glcm_energy,glcm_correlation,lbp_12,lbp_14,lbp_25,label
20240403_140629.jpg,18515.391736501595,0.220550537109375,105.64125061035156,74.34789057158758,7.81359627394998,0.055511474609375,7959.483921136155,703.3172876076766,35.37054227941177,0.4974075432355569,0.0924326532563266,0.7951362857791547,0.018524169921875,0.0156402587890625,0.5300445556640625,real
20241223_174257.jpg,527.6658344110474,0.0281219482421875,130.04534912109375,47.84203464174882,6.890304689176345,0.0,1454.7809213394603,3859.699722518691,1.3003982843137254,0.7907727280441977,0.2170167135653346,0.9818641034765746,0.013336181640625,0.0103912353515625,0.6087799072265625,real
20250202_185224.jpg,2480.754913330078,0.0496368408203125,40.24980163574219,24.988295446537457,6.169232372971597,0.001434326171875,2835.504831429627,783.9361061148736,4.226439950980391,0.8649624518747657,0.308170460071467,0.7848503604672793,0.0357208251953125,0.047027587890625,0.4499359130859375,real
20260408_190405.jpg,2901.533835856011,0.1551361083984375,97.83279418945312,58.29534820250158,7.601612159167539,3.0517578125e-05,2957.875151732088,1501.6139902072405,2.1137101715686275,0.7347047190531184,0.1376904221580973,0.980209497473719,0.031982421875,0.012969970703125,0.537750244140625,real
20260409_192826.jpg,2194.948998955777,0.0763397216796875,143.92665100097656,55.79837064536268,7.151795736753452,0.0003509521484375,2969.945547619823,2196.2608941589606,5.435569852941176,0.7243576043960713,0.185724727870628,0.9442801105485223,0.028167724609375,0.0163421630859375,0.56646728515625,real
20260411_190620.jpg,1804.252376913093,0.0304107666015625,17.69757080078125,28.30077501004705,5.231522629735272,0.0030364990234375,2539.5334619706623,378.3970069749791,3.368474264705882,0.8428432380866291,0.4423836641142143,0.8661255107428864,0.0080413818359375,0.0064544677734375,0.6167144775390625,real
20260411_190631.jpg,3256.165967634879,0.090240478515625,33.78318786621094,44.66464606212711,6.312040802776729,0.004119873046875,3427.635776487876,484.8901631774602,5.657506127450981,0.7496219929331062,0.3180715741536597,0.9097198098021888,0.037445068359375,0.0185394287109375,0.522247314453125,real
20260420_171822.jpg,14624.743873979896,0.27471923828125,109.86328125,59.34557697683853,7.71061572280523,0.04168701171875,7424.215510620417,788.1367036180513,28.32326899509804,0.4277770706449653,0.0716470809404756,0.7418275380289302,0.0137481689453125,0.0087738037109375,0.5561370849609375,real
20260420_210040.jpg,2234.495344055584,0.10211181640625,111.60556030273438,70.92776766485021,7.851536884436432,0.0509033203125,2958.363062205865,1753.4036272376145,4.620496323529411,0.6058575055999897,0.0962992974500711,0.9705726792246132,0.019744873046875,0.0127410888671875,0.576690673828125,real
20260420_223854.jpg,7267.4739496090915,0.22283935546875,118.98193359375,60.90620372842878,7.617404113011215,0.0530548095703125,5221.77967926532,1132.249848718738,18.06833639705883,0.4587362369878631,0.0812324996737478,0.8425869991759712,0.019683837890625,0.011138916015625,0.538543701171875,real
20260420_232818.jpg,8846.559673726559,0.2021331787109375,120.59846496582033,48.8700589630189,7.469768767295211,0.0081329345703125,5528.402452103214,1183.3073299080704,16.378630514705886,0.4656885969369856,0.0935383653167562,0.7810460606785968,0.00640869140625,0.004852294921875,0.6168670654296875,real
20260420_234200.jpg,4612.183955221437,0.18121337890625,133.93603515625,55.07029031424874,7.606883399243204,0.030029296875,4113.708195350685,1577.445683085462,9.492248774509804,0.5336650049849794,0.0933808495877248,0.8995855512978593,0.0216064453125,0.010986328125,0.5481719970703125,real
20260502_180931.jpg,4835.273380921921,0.16412353515625,88.48835754394531,53.31613524113384,7.608147713200711,0.002838134765625,4484.0902885892565,955.2268126769366,11.58091299019608,0.6141379800613003,0.1053608475504753,0.869727436238816,0.0283203125,0.0142822265625,0.5214385986328125,real
20260505_145005.jpg,1749.541189610958,0.121307373046875,200.49078369140625,41.84033926447881,7.029714309724384,0.127899169921875,2487.3692896683783,3527.7535691084663,2.846936274509804,0.7612444378465064,0.1956168737398266,0.9478304665307876,0.0209503173828125,0.01251220703125,0.5924224853515625,real
20260506_231238.jpg,9207.435136078857,0.1628875732421875,168.4254913330078,44.8282601619994,6.569181635436761,0.0,5452.48163897231,1750.594911073989,15.42124693627451,0.7008648162024158,0.2536843541011508,0.7520278279119367,0.008331298828125,0.0055389404296875,0.6284027099609375,real
20260518_193422.jpg,2939.9681752985343,0.128662109375,62.300567626953125,63.670646247116544,7.117882998310457,0.0102996826171875,3536.9094218344903,768.3492061076947,10.876822916666669,0.6078466109974971,0.1737041391143477,0.9139303686506712,0.032928466796875,0.015106201171875,0.530792236328125,real
20260523_201134.jpg,2603.147068803897,0.11773681640625,124.63766479492188,59.06945720900725,7.402723376365739,0.0833740234375,3195.5190404458317,1788.3138958556774,5.565395220588236,0.5944023811926549,0.117883558730692,0.9482792939886996,0.0247344970703125,0.0162506103515625,0.5240936279296875,real
20260523_201146.jpg,7711.901805817848,0.20361328125,107.49803161621094,66.14852374309717,7.657776716576582,0.0526123046875,5362.441216104082,981.19232156846,12.506004901960786,0.5701266249644359,0.1002295166090464,0.9078596306593596,0.04144287109375,0.0200347900390625,0.486663818359375,real
20260523_225835.jpg,7940.412442218279,0.240020751953125,107.4337158203125,61.09611494152913,7.744428094141536,0.0436553955078125,5354.718543896163,1012.28267559044,16.965931372549022,0.4762780562430793,0.0789380005453203,0.8537936688412887,0.0205078125,0.01409912109375,0.5406646728515625,real
20260523_234637.jpg,5756.486219729995,0.16876220703125,45.281585693359375,41.63382801322027,6.800451306885874,0.011810302734375,4406.510061573435,535.9194890304296,9.794025735294117,0.4656211646482112,0.1278067129176282,0.8187810422719336,0.008270263671875,0.0051422119140625,0.6136474609375,real
20260617_121016.jpg,4833.921551486244,0.1623992919921875,116.99166870117188,44.7317521298578,7.104932582347582,0.0005950927734375,4403.577006271576,1341.1192485943034,12.253936887254902,0.5639854631018322,0.1803278266044115,0.8045197873511787,0.0069122314453125,0.0046539306640625,0.6114044189453125,real
20260617_185221.jpg,1607.0856104409322,0.15545654296875,125.56837463378906,64.84814316034809,7.534419627700281,0.0882415771484375,2707.4694338925483,1891.7598447686896,3.65359987745098,0.6025066817235153,0.1164190390108308,0.972383469762334,0.04302978515625,0.017242431640625,0.4772796630859375,real
20260618_122350.jpg,5966.943850788986,0.1650238037109375,154.59742736816406,61.465054134313625,7.630644290972999,0.0536956787109375,4474.082538680561,1758.381542634988,10.132261029411763,0.5784809716510488,0.1159784913341577,0.9140131972283776,0.0269622802734375,0.016021728515625,0.4725189208984375,real
20260618_183059.jpg,14499.145374521611,0.2483673095703125,103.50546264648438,61.276995262350695,7.681516176343491,0.03436279296875,7474.305372893209,735.200458300026,30.973131127450987,0.4098729064852443,0.0781855564458448,0.7357928546430976,0.0081939697265625,0.0050048828125,0.5985260009765625,real
20260702_143030.jpg,3891.0075199455023,0.1113739013671875,120.70999145507812,60.45154694345193,7.61458127851895,6.103515625e-05,3823.7119165130266,1482.4928429251563,8.1132506127451,0.5915266985750547,0.112088588478331,0.9290717484451164,0.0096282958984375,0.006744384765625,0.6022491455078125,real
20260702_143045.jpg,4331.084141863277,0.0886077880859375,121.55303955078124,42.56268348768955,7.265421874248408,0.0011444091796875,3780.475222467344,1687.4358469085714,9.736963848039217,0.5657069942316161,0.1201595046223086,0.8284111707909766,0.0128631591796875,0.0058746337890625,0.626068115234375,real
20260702_143057.jpg,3414.648212693399,0.1002655029296875,123.83409118652344,44.20725078806919,7.348013536349947,0.0001220703125,3591.3546909955376,1712.8838606587192,7.755407475490196,0.5843038379262485,0.1152385522921006,0.8730851526614732,0.02130126953125,0.0110931396484375,0.58642578125,real
20260702_143103.jpg,4324.41138947662,0.0906982421875,149.98471069335938,56.24644990426334,6.828164145470757,0.00213623046875,3996.631814837064,1786.1537519705898,11.127420343137253,0.6572057889638356,0.1803131971375343,0.8879279375150253,0.0126800537109375,0.00518798828125,0.627899169921875,real
20260702_143113.jpg,9228.64019299834,0.169891357421875,100.34822082519533,76.1855697076921,7.584046110791429,0.0746917724609375,5550.628949980062,972.8512780610536,21.10349264705882,0.5006860752843434,0.1166075700903538,0.8829362823091744,0.0175628662109375,0.011383056640625,0.57989501953125,real
20260702_143119.jpg,7424.633463034173,0.1702423095703125,115.24757385253906,56.9520691391756,7.493046844428989,1.52587890625e-05,4854.846671461451,1243.817250417471,13.748958333333334,0.5163376969699186,0.1003544738580935,0.8645416857522964,0.01092529296875,0.0057830810546875,0.6043853759765625,real
20260702_143125.jpg,4964.957871880382,0.20562744140625,112.788330078125,56.23908201806639,7.635977069245309,0.0243377685546875,4477.4636882749965,1192.605667789246,11.85713848039216,0.4848075649434331,0.0850823694356531,0.8798034166067905,0.02777099609375,0.0102081298828125,0.5305938720703125,real
20260702_143135.jpg,2589.0597892252263,0.07861328125,150.04776000976562,42.12887465068382,6.976722271935499,0.0032501220703125,3150.8185924229147,2256.121861391809,5.682215073529412,0.7271991753252557,0.1878245072540686,0.8980747068521228,0.0172119140625,0.0104827880859375,0.6071929931640625,real
20260702_143150.jpg,1510.6609191438183,0.0469207763671875,157.72044372558594,38.89366624149072,6.948417177291375,0.000457763671875,2357.673210310232,3084.071652787616,3.78702512254902,0.7071002828276468,0.1815044521423244,0.9203547005878276,0.016937255859375,0.00830078125,0.6220703125,real
20260702_143202.jpg,3064.824477300048,0.089630126953125,108.615478515625,67.41348804233982,7.3389865559986465,0.000213623046875,3466.7137002872864,1435.1484898403933,7.214276960784314,0.6890828272878061,0.1699786564672422,0.9493758811478888,0.02825927734375,0.016357421875,0.5527191162109375,real
20260702_143214.jpg,2699.931123495102,0.0709381103515625,103.5978546142578,66.04577257006547,7.516852052072785,0.003326416015625,3219.732369265353,1474.650041655017,6.479595588235295,0.6424483721668964,0.1368220915115733,0.9523434667009346,0.0170135498046875,0.0103302001953125,0.6033782958984375,real
20260702_143240.jpg,11175.58441507793,0.160308837890625,107.7108917236328,58.58824339560674,7.466429250769139,0.0105743408203125,5779.467274893256,988.7079398482032,18.704610906862744,0.5595384192216369,0.1200565403515611,0.8253988006091951,0.0120697021484375,0.005462646484375,0.6226959228515625,real
20260702_143248.jpg,3080.778999893926,0.09222412109375,112.0735321044922,60.34795304851541,7.448224265014883,0.0,3406.7672645058697,1536.0515145048948,8.260355392156864,0.6429410250102567,0.1355331650569528,0.9275697512375358,0.0207672119140625,0.0052642822265625,0.6207275390625,real
20260702_143312.jpg,2236.4292697310448,0.041717529296875,130.73951721191406,32.89372950997666,6.640444055825242,0.0002593994140625,2724.234434790052,2241.6215124547784,4.493106617647059,0.6833381727207409,0.1878798338657709,0.8681848831447989,0.0075225830078125,0.00384521484375,0.6453857421875,real
20260702_143408.jpg,7499.670832662843,0.1518707275390625,136.1066131591797,67.1498222949595,7.326225159194601,7.62939453125e-05,4851.828960223634,1397.131518795618,15.35998774509804,0.5947481539010265,0.1651930268229364,0.891111154546697,0.01434326171875,0.0099334716796875,0.598419189453125,real
20260702_143414.jpg,17477.66155661433,0.27239990234375,113.61192321777344,62.84118556583951,7.59068176900649,0.06195068359375,7796.890001362272,813.2565520399602,35.171645220588246,0.4480659528561011,0.086630797149963,0.7121263693944765,0.0096893310546875,0.006134033203125,0.583282470703125,real
20260702_143426.jpg,9123.248063331235,0.19390869140625,128.8076934814453,55.7144203902252,7.491379295279875,0.0,5449.564909490279,1261.9208803466065,17.1539368872549,0.5432548385365196,0.1318355445215532,0.8233753980595603,0.014862060546875,0.0089874267578125,0.586639404296875,real
20260702_143431.jpg,5757.479843846522,0.1685333251953125,119.72956848144533,52.82750314788378,7.541911302878805,0.0001373291015625,4345.116531998407,1404.862666828568,10.540640318627451,0.563007655669662,0.1087485843253709,0.8796052546408949,0.0208282470703125,0.010711669921875,0.554412841796875,real
20260702_143518.jpg,10286.200331717497,0.27056884765625,114.2079620361328,38.119314438500254,7.282410465879554,1.52587890625e-05,5610.867727258041,1182.9078836989877,14.656740196078433,0.3872902584047876,0.0802320874389196,0.6781384803978155,0.0047607421875,0.003326416015625,0.62860107421875,real
20260702_143530.jpg,16965.28501890949,0.23541259765625,119.9840087890625,62.981751871030575,7.585704315039864,0.000274658203125,7748.243301811824,809.2435117000526,31.475091911764714,0.503923571328437,0.1145926500796406,0.7466015717147789,0.0096435546875,0.0087890625,0.57061767578125,real
20260702_143639.jpg,5620.76975329197,0.2302703857421875,107.2110595703125,55.09457126798867,7.651846309317468,0.0014495849609375,4630.057514950426,1152.8659576457164,11.69937193627451,0.4846654241746373,0.0819185205573442,0.8770225680028285,0.013641357421875,0.010223388671875,0.5517730712890625,real
20260702_143701.jpg,16194.571616139265,0.2395477294921875,116.58639526367188,64.63861198346875,7.736372463929522,0.0002593994140625,7373.291245741179,871.2476507773864,31.53589154411765,0.4370841001864586,0.074450685335523,0.7584595811552342,0.011016845703125,0.0065155029296875,0.6055755615234375,real
20260702_143741.jpg,3653.356266438961,0.1111602783203125,123.8745574951172,52.03625277087893,7.292870405282431,0.0015869140625,3478.798618512669,1779.7316319788697,6.188556985294119,0.6651911176097369,0.1688277346289765,0.9269444935644936,0.019927978515625,0.013519287109375,0.5773468017578125,real
20260702_143748.jpg,6563.575495361351,0.1574859619140625,130.4226837158203,61.12350071832678,7.487744114823005,0.0018157958984375,4883.787457083612,1284.812026096192,11.419975490196078,0.6746075264532567,0.1634031524249086,0.9022677237669876,0.0370025634765625,0.015716552734375,0.536346435546875,real
20260702_143757.jpg,6840.702533062547,0.1542205810546875,116.89572143554688,58.65388910617798,7.476025137333726,0.000762939453125,4702.26281334871,1268.8175063999718,11.64967830882353,0.6024301106691018,0.1394233959786215,0.8919541324622644,0.01947021484375,0.0107421875,0.5811767578125,real
20260702_143807.jpg,2826.5243492126465,0.16265869140625,118.83657836914062,57.38089680397798,7.551137690418385,0.000213623046875,3368.8504386692066,1593.9869917550666,5.710003063725491,0.5746215960328963,0.1013020236849479,0.944814197373249,0.0252685546875,0.01251220703125,0.5361328125,real
20260702_143821.jpg,21140.595565315336,0.3307342529296875,115.18910217285156,58.461349559737,7.768570721107733,0.01422119140625,7885.100366558613,833.3786752727311,35.43985906862745,0.2789042322804874,0.0524083794101964,0.6680199119187696,0.0045318603515625,0.0026397705078125,0.6259918212890625,real
20260702_143842.jpg,4765.084003695985,0.149658203125,116.06336975097656,48.883424907985145,7.433867418149378,0.001007080078125,4034.325919796672,1450.876281174616,9.421369485294118,0.5881569787519061,0.1188907207343268,0.8735330764387417,0.0218963623046875,0.011810302734375,0.574005126953125,real
20260702_143856.jpg,10971.289175605169,0.0929412841796875,161.5469970703125,45.78266003605027,5.6391997008012,0.0,5571.834699839085,1566.5769970285369,18.26372549019608,0.7787106468843327,0.3753348745867469,0.7222918566126704,0.0081939697265625,0.00592041015625,0.6395416259765625,real
20260702_143914.jpg,12927.11553060636,0.2646942138671875,104.88825988769533,53.311555589175335,7.581482813630543,0.0004425048828125,6665.4304576401,857.0137714529319,23.261197916666674,0.430529061358574,0.0781359047500546,0.7390115255917377,0.0110015869140625,0.0064544677734375,0.5891571044921875,real
20260702_143934.jpg,7824.174751943909,0.18011474609375,128.2174835205078,60.99870013836094,7.303349893669583,3.0517578125e-05,4989.8002738455625,1384.3254649321927,13.432215073529411,0.5770638827712522,0.1860553925828992,0.8845192420852905,0.013031005859375,0.012542724609375,0.569091796875,real
20260702_144026.jpg,6497.435983396135,0.1949462890625,122.66316223144533,50.97348609405061,7.487119233460156,0.001983642578125,4980.364631315826,1249.3681579612198,18.70609681372549,0.5183384172925483,0.1036046390722299,0.7700213976498604,0.022186279296875,0.011474609375,0.5523681640625,real
20260702_144040.jpg,3796.450657682261,0.1146697998046875,128.42459106445312,47.67909853925384,7.478971213774511,0.0013427734375,3724.384275101984,1694.5897615941326,8.34950980392157,0.6114843878986268,0.1209415222273234,0.8831539966977682,0.0247802734375,0.0124053955078125,0.568939208984375,real
20260702_144051.jpg,2721.1361116596963,0.0786895751953125,152.28062438964844,52.15012521216337,7.033592416789612,0.00030517578125,3096.4971562597093,2285.937339379589,8.10298713235294,0.7004066375640321,0.2228760154895352,0.9042709635369937,0.02117919921875,0.011932373046875,0.6027679443359375,real
20260702_144145.jpg,9342.699422872623,0.1432952880859375,131.02960205078125,57.15122955575159,7.056317902160654,0.00762939453125,5118.397668539473,1418.2184671293862,18.846966911764707,0.6382351558753045,0.2062699175774044,0.8160103712273452,0.005584716796875,0.0027618408203125,0.649749755859375,real
20260702_144153.jpg,634.4168826097157,0.020233154296875,147.5526580810547,30.25054030182405,5.947144816875239,1.52587890625e-05,1557.694375160093,4029.267398413724,2.0896292892156865,0.7805082573459287,0.2863138285072783,0.9277046664172454,0.0091094970703125,0.0049285888671875,0.6389007568359375,real
20260702_144235.jpg,1219.220016864827,0.065521240234375,119.70318603515624,55.81362286809269,7.591786327263945,0.001953125,2226.2325100478256,2217.008856506123,3.0917585784313726,0.6955220125610041,0.1227942834267537,0.968265573484205,0.038787841796875,0.016815185546875,0.5148468017578125,real
20260702_144244.jpg,3571.8611755631864,0.1164398193359375,147.70689392089844,53.1514879286233,7.4174876291611875,1.52587890625e-05,3472.2027292881244,2016.058070606842,6.67155330882353,0.5919373119713002,0.1125044464649702,0.9246822061324838,0.017059326171875,0.009765625,0.58258056640625,real
20260702_144301.jpg,3698.5106951051857,0.0960693359375,109.28660583496094,43.82549598053732,7.292045797802606,0.0002899169921875,3584.4397173145217,1568.0739999059315,8.175612745098041,0.5852057218399398,0.1193773398577035,0.8636953469539164,0.015228271484375,0.0059051513671875,0.6222686767578125,real
20260702_144318.jpg,2819.7049935141117,0.110015869140625,144.40318298339844,61.65923724073975,7.469775857325289,0.0067291259765625,2995.000982560861,2289.383506080681,11.41464460784314,0.6111045493243112,0.136619708592767,0.9042571115000676,0.0345001220703125,0.012603759765625,0.5815277099609375,real
20260702_144337.jpg,4555.80338053382,0.098602294921875,99.2340850830078,44.23041405293456,7.294494998345089,3.0517578125e-05,3950.977110327745,1253.266333264138,8.312760416666666,0.5716288399686431,0.1105646410256877,0.8644253595391238,0.009765625,0.0057373046875,0.6147918701171875,real
20260702_144424.jpg,585.5957181453705,0.033905029296875,117.68952941894533,80.116295576372,7.354546326117031,0.1767578125,1478.4661667342432,3005.7501557698706,2.244715073529412,0.7132121330871158,0.1728424321311987,0.9886946171887028,0.059600830078125,0.028900146484375,0.4532623291015625,real
20260702_144510.jpg,4655.751430629753,0.121795654296875,149.88473510742188,53.59419604078827,7.294224040867515,0.002899169921875,4014.169125463607,1818.382479177612,10.692922794117646,0.658588792132432,0.1567607226233676,0.8813921006524106,0.0209808349609375,0.0059356689453125,0.6153106689453125,real
20260702_144539.jpg,2461.546225398546,0.0428466796875,167.35232543945312,32.623558697921744,6.652002638714609,3.0517578125e-05,3112.151333763716,2676.737888201483,5.651531862745097,0.6618662996195313,0.1930156678532867,0.8317414851058916,0.00665283203125,0.004730224609375,0.644378662109375,real
20260702_144604.jpg,16060.442397227278,0.2265777587890625,129.35096740722656,62.16182882304972,7.472244932538343,0.0023956298828125,7304.086581915805,964.2291254154763,32.5505974264706,0.492603949974784,0.1636823399568693,0.7311525907813122,0.008636474609375,0.0080413818359375,0.5965423583984375,real
20260702_144623.jpg,3607.0063145325994,0.16925048828125,126.44589233398438,60.57948040096988,7.67142692593311,1.52587890625e-05,3708.865329625689,1564.7350899589424,7.750091911764707,0.5332435915301501,0.098961724833562,0.9325247426061298,0.0244293212890625,0.0138092041015625,0.54730224609375,real
20260702_144641.jpg,3509.4376630103216,0.0890960693359375,121.4669189453125,52.41751889622035,7.45616777894403,0.0,3754.177386388063,1539.5875987875163,7.427833946078433,0.6733612447483752,0.1309734772723147,0.9135389730170518,0.0152130126953125,0.0081024169921875,0.6033935546875,real
20260702_144702.jpg,7971.139893123647,0.24420166015625,112.19297790527344,61.30544196467497,7.674620502504351,0.0011444091796875,5190.829010766115,1145.341096427317,15.601776960784314,0.4679922481575562,0.0973167806970317,0.8678324880564662,0.02099609375,0.008026123046875,0.5765228271484375,real
20260702_144753.jpg,5318.502236499451,0.175628662109375,107.63191223144533,50.13712574988788,7.381701208086668,3.0517578125e-05,4428.097226164322,1223.0163229633504,11.736335784313724,0.6489475261798281,0.1321785409834571,0.8503385963717459,0.021759033203125,0.0091705322265625,0.5679168701171875,real
20260702_144801.jpg,65.4582561692223,0.0,140.13133239746094,36.00493855448332,6.596651002764556,0.0340728759765625,479.3603791811976,9811.735796222014,0.2522365196078431,0.8750949754901961,0.2473578146058884,0.9937225117179684,0.0378265380859375,0.0172119140625,0.5673828125,real
20260702_144811.jpg,6522.573693594895,0.164764404296875,140.37445068359375,65.26570343592672,6.730556390036518,0.0,4451.172799117393,1718.199130910996,10.679120710784314,0.6305660332692293,0.3050721050403812,0.920080927837934,0.0121307373046875,0.0158538818359375,0.5511016845703125,real
20260702_144839.jpg,7971.155460104346,0.2375640869140625,106.80680847167967,57.26034212635251,7.545024817613641,0.0003204345703125,5420.150342417874,962.653238471842,15.17619485294118,0.4213863093826723,0.0799745297832597,0.8522103488002089,0.0132904052734375,0.0084381103515625,0.577728271484375,real
20260702_144850.jpg,2798.6832687221467,0.20281982421875,115.1315460205078,43.644560257866,7.419667421265942,0.00286865234375,3565.3427383896524,1459.0459402987706,7.760340073529413,0.5055883573466629,0.0965070028004852,0.8700977220840976,0.025634765625,0.0143890380859375,0.50103759765625,real
20260702_144904.jpg,9661.290755683323,0.2737579345703125,113.36671447753906,49.792682951381984,7.609354733796537,3.0517578125e-05,5844.097397374585,1020.7824770981978,17.977083333333333,0.4140688697714916,0.0711140572364046,0.7683580862508584,0.0100555419921875,0.007904052734375,0.5553436279296875,real
20260702_144956.jpg,1734.1085477834567,0.1295318603515625,124.806396484375,55.1404785512102,7.366125680364104,0.0,2694.242237262196,2040.002554306954,5.857827818627452,0.6168412250143722,0.1506198312766724,0.938453470965569,0.0392303466796875,0.0179901123046875,0.5185546875,real
20260702_145025.jpg,4583.049089288106,0.1764678955078125,115.43382263183594,49.92232629343439,7.286335125523833,0.056365966796875,4228.054669295965,1330.8707643831106,10.82954963235294,0.5049886887103415,0.1008614563514568,0.8608137232036739,0.012451171875,0.010467529296875,0.5618743896484375,real
20260702_145057.jpg,1596.1145014604554,0.1013641357421875,118.49440002441406,58.78447500072597,7.5179462163775534,0.0,2715.758772023785,1918.9597060078263,3.8138327205882354,0.6543805106050294,0.1357215860130562,0.9647241369105432,0.0231781005859375,0.0136871337890625,0.5565948486328125,real
20260702_145106.jpg,4635.740452812752,0.145721435546875,148.53941345214844,48.6171865890417,7.319220241067324,0.0,3986.7943875098745,1858.9414703674213,8.684420955882352,0.6042217814039513,0.1511070487615169,0.8825896331507954,0.018768310546875,0.0058441162109375,0.60662841796875,real
20260702_145127.jpg,12414.7574381975,0.1842041015625,112.6734619140625,62.51463037806563,7.616859116980027,0.0677490234375,5266.430248573043,1134.5631994575065,21.52438725490196,0.4687690415236167,0.0904065972176101,0.8227693879134899,0.0197601318359375,0.00634765625,0.5970001220703125,real
20260702_145148.jpg,2180.348003616324,0.096343994140625,129.5289764404297,59.17942076230879,7.5380676295773,0.000457763671875,2950.913238366782,1926.5825078702649,5.646522671568627,0.6476433898855198,0.1327430846787244,0.9486086414568,0.03411865234375,0.01776123046875,0.5310211181640625,real
20260702_145222.jpg,24344.90934112575,0.2888946533203125,96.69895935058594,77.30512251261547,7.730433330869771,0.024871826171875,8845.808849022225,577.1444628747751,32.75719975490196,0.4052020702470695,0.0796295540835146,0.8241859341611777,0.00909423828125,0.0048980712890625,0.6110382080078125,real
20260702_145247.jpg,6918.545226564398,0.2442626953125,106.9047393798828,34.49900446861312,7.1011800705680175,0.000244140625,5136.320500862111,1178.0610546510532,13.863066789215686,0.4087180846786017,0.0906191905946146,0.6280034436542503,0.00335693359375,0.0022735595703125,0.60699462890625,real
IMG-20230725-WA0027.jpg,5878.505644261837,0.136138916015625,63.904144287109375,60.97105644513486,5.118478099381397,0.000152587890625,4551.052569080416,707.1056812614311,11.390242034313726,0.7152218827821517,0.5013845140599024,0.9015719696857843,0.0167694091796875,0.0078887939453125,0.3685302734375,real
IMG-20230729-WA0017.jpg,12718.257201552158,0.2946319580078125,111.93174743652344,53.42704429107371,7.674554670254525,0.007720947265625,6941.331473923116,845.1360490065006,24.024172794117653,0.4008986029100206,0.0687881051068387,0.7310758007097086,0.0159912109375,0.0120391845703125,0.52117919921875,real
IMG-20230731-WA0019.jpg,1185.6365732790437,0.077056884765625,120.41233825683594,53.55465450389972,7.572496576955049,0.000885009765625,2277.352589906111,2203.549856871692,3.970879289215686,0.7070643557586962,0.1405222834620853,0.9557544904631494,0.0310821533203125,0.0163726806640625,0.53179931640625,real
IMG-20230809-WA0032.jpg,1128.2058942383155,0.062347412109375,125.25178527832033,41.78527699248457,6.806400929536258,0.0,2092.357624729308,2649.6325512080066,3.14453125,0.6299571184799784,0.1696630221041197,0.94255187970979,0.033233642578125,0.015380859375,0.5244293212890625,real
IMG-20250309-WA0000.jpg,10142.934214729585,0.218414306640625,98.63809204101562,66.25037453219844,7.804850066926758,0.0065460205078125,6295.917811022406,752.1158755053664,19.25265012254902,0.4396744368225652,0.075569570770116,0.8598007581333778,0.027740478515625,0.0125732421875,0.5273895263671875,real
IMG-20250329-WA0001.jpeg,558.2181410705671,0.0395355224609375,134.0804443359375,62.59900628632205,6.547447283458617,0.0,1510.8569341761388,3331.719732632312,0.6998314950980392,0.8643129866842112,0.317202855431511,0.994327817557654,0.03875732421875,0.0245513916015625,0.4616241455078125,real
IMG-20250409-WA0017.jpeg,4007.312064796453,0.1604156494140625,116.27091979980467,44.08457219826973,7.3302401499357455,0.0052947998046875,3911.133987449553,1458.27184523109,7.0492187500000005,0.6463550572131164,0.1349726598747373,0.8837441765114802,0.029205322265625,0.0162200927734375,0.501922607421875,real
IMG-20250427-WA0002.jpeg,406.6011347174645,0.0403594970703125,91.37637329101562,41.93664793263164,6.941069299120572,0.0,1245.9311477941749,2804.93298631589,0.7580269607843138,0.8673625015488516,0.2128793156726027,0.9863927257380948,0.0680389404296875,0.0274505615234375,0.433624267578125,real
IMG-20250501-WA0006.jpeg,3459.71701660729,0.1296539306640625,125.91789245605467,49.32684236411168,7.318354316211725,3.0517578125e-05,3591.2633737718206,1615.250491396322,6.284589460784314,0.6701818647615352,0.1406288316905303,0.9173384826011712,0.033660888671875,0.0135498046875,0.5296478271484375,real
IMG-20250522-WA0001.jpeg,2498.9219718044624,0.06646728515625,100.43081665039062,54.628197523263566,6.989504022224889,0.0006866455078125,2969.882219961111,1657.7826962869158,4.219684436274509,0.8476274946708178,0.262112437610884,0.9544155021071272,0.049591064453125,0.0260009765625,0.4364013671875,real
IMG-20250620-WA0058.jpg,3246.9097938155755,0.147735595703125,94.1277313232422,60.2607287923652,7.716463343116277,0.0039215087890625,3834.3338054307774,1091.224812805238,9.298360906862744,0.6007704951473949,0.1016643991992328,0.9182654425114646,0.0434112548828125,0.0221710205078125,0.46173095703125,real
IMG-20250621-WA0002.jpg,2067.9493932724,0.1195831298828125,111.17189025878906,70.17196879171301,7.420299912436837,4.57763671875e-05,2936.711941875116,1691.7739216695124,4.456908700980392,0.7155986446814409,0.174931780326621,0.971092632433419,0.032562255859375,0.0224609375,0.4879150390625,real
IMG-20250722-WA0011.jpeg,1900.5584086766464,0.13360595703125,123.9270477294922,46.04428891154198,7.182586479701547,0.00067138671875,2936.387577284285,1957.1780950070904,6.812622549019608,0.7153819425991033,0.1666738260000849,0.896790316297974,0.03961181640625,0.0227203369140625,0.4182586669921875,real
IMG-20250803-WA0022.jpeg,4399.182775094174,0.1017608642578125,115.49142456054688,60.09323165034929,7.408792734600284,0.0014801025390625,4152.935522040414,1364.4886723296063,11.158210784313724,0.7420370812469337,0.1621203363323391,0.9011417746742402,0.039886474609375,0.022705078125,0.48419189453125,real
IMG-20250803-WA0081.jpeg,1435.4263366153464,0.0720062255859375,170.89559936523438,24.97994914030816,6.005466531360974,0.0,2361.095503636806,3686.096304048099,3.206602328431373,0.8239965042053394,0.3168512457951415,0.8385306804298353,0.0404510498046875,0.0251007080078125,0.487579345703125,real
IMG-20250804-WA0022.jpeg,2540.1460161870345,0.0982818603515625,104.91535949707033,58.77163538148292,7.513303643707792,0.0013580322265625,3212.194229914726,1458.6109168209173,4.082843137254901,0.8024614313265688,0.1674148650530816,0.962189835725281,0.0704345703125,0.0316314697265625,0.4187469482421875,real
IMG-20250830-WA0030.jpg,8050.764399169944,0.2045745849609375,114.338623046875,54.46353010979013,7.544853537410798,0.0296173095703125,5529.497257924579,1039.9344634947645,17.675903799019608,0.4300226815969773,0.0831668853739607,0.8086196613928717,0.01141357421875,0.0072174072265625,0.5833740234375,real
IMG-20250907-WA0004.jpeg,4507.571179875871,0.139190673828125,104.98037719726562,61.38112294594951,7.607216202754617,0.0041046142578125,3923.1820552989234,1432.6223847540962,7.756112132352941,0.6698232342672441,0.1231316572555673,0.9342763100073777,0.01934814453125,0.0156097412109375,0.5545501708984375,real
IMG-20250917-WA0007.jpeg,2544.2858325035777,0.1346588134765625,120.00473022460938,60.62597133635499,7.564385972180228,0.048370361328125,3278.388463320565,1565.713257950514,4.69718137254902,0.7246663312968316,0.1382343617390453,0.9586927129102354,0.0750274658203125,0.021697998046875,0.4347686767578125,real
IMG-20250917-WA0010.jpeg,6175.625436544418,0.1419677734375,104.5169677734375,55.89332244403571,7.617327225432456,0.0137939453125,4712.807701563838,1136.191459119743,13.056188725490198,0.6992708698380873,0.1292746930296089,0.8661277461485919,0.0434417724609375,0.017120361328125,0.46826171875,real
IMG-20250917-WA0020.jpeg,6714.713184799999,0.176788330078125,107.86329650878906,63.969615431922286,7.523863375465088,0.0128936767578125,4878.560661761826,1158.162626925115,10.249969362745098,0.6998783690366335,0.156526855552818,0.9197405668684052,0.0428924560546875,0.0151824951171875,0.497894287109375,real
Snapchat-1123252408.jpg,2544.03238671436,0.0553741455078125,129.39808654785156,64.78121458841764,7.509958997446401,0.0010833740234375,3085.654536498886,1979.885686651167,5.811060049019607,0.7938471844480719,0.1628028368883904,0.9556808604199712,0.03057861328125,0.0270843505859375,0.4972686767578125,real
Snapchat-1449034947.jpg,3541.5195218166336,0.123809814453125,127.76765441894533,68.57699235101265,7.737529015811567,0.0020904541015625,3816.7328095438434,1554.2968512313332,6.613388480392159,0.7287467838403136,0.1402381853616406,0.9549816655776724,0.044647216796875,0.033447265625,0.4073333740234375,real
Snapchat-197645654.jpg,21131.500031959036,0.2685089111328125,99.59963989257812,65.02766409028,7.78209279468529,0.002685546875,7948.38172932415,695.5025016858782,34.57441789215687,0.3865881556614283,0.0685899297471806,0.7383599314084179,0.010345458984375,0.0092315673828125,0.5972137451171875,real
Snapchat-2052416257.jpg,6547.821076861583,0.1177825927734375,138.90676879882812,61.66034572910991,6.895661120365568,0.0046539306640625,4889.943847559845,1503.1263685901367,12.241145833333334,0.7557682222069022,0.3046336538092695,0.8970740218172131,0.0319061279296875,0.02630615234375,0.495147705078125,real
Snapchat-2128356426.jpg,4778.261724337935,0.1066131591796875,137.55426025390625,51.75822332539448,7.485391434120849,0.0024871826171875,4173.687792651994,1648.8426644852511,8.04548100490196,0.7427383459688097,0.1492793638974457,0.9040121743198803,0.0278778076171875,0.0192413330078125,0.4920196533203125,real
Snapchat-802640669.jpg,2947.0531592927878,0.09906005859375,55.29441833496094,73.71107559504351,5.821002828737424,0.0166473388671875,3441.243462435698,739.8315541037554,5.655009191176471,0.782418771486961,0.4632151835501115,0.9670744442122056,0.0177764892578125,0.0092315673828125,0.5408477783203125,real
VideoCapture_20250704-221459.jpg,1507.323491036892,0.067474365234375,49.65060424804688,45.16122775063201,6.81157147997103,0.0087432861328125,2574.95440790112,880.3119473667313,4.790885416666667,0.7603574037444456,0.218249244156047,0.9247345542132884,0.0293426513671875,0.0161590576171875,0.4872589111328125,real
20260702_152727.jpg,3171.956478856271,0.120635986328125,120.51283264160156,44.67759621866419,7.368261091728346,0.0004730224609375,3388.086684412921,1724.973322725554,6.82561274509804,0.5930990328884304,0.1171570940865891,0.8909970431750154,0.01104736328125,0.008209228515625,0.592071533203125,screen
20260702_152751.jpg,3860.094329050742,0.0780029296875,121.30003356933594,47.13004499633217,7.4971634225677795,0.00091552734375,3545.2147496237376,1813.6146856538044,8.036749387254904,0.5879381392165623,0.1025596751385449,0.884820661298784,0.012451171875,0.00555419921875,0.62109375,screen
20260702_152755.jpg,3710.837955768919,0.1127471923828125,120.09007263183594,46.60430617533192,7.469294851337402,0.001312255859375,3676.704010221024,1674.7189755103857,7.686688112745099,0.5551593531255389,0.1004080572345739,0.887267721537002,0.0076446533203125,0.005340576171875,0.6170654296875,screen
20260702_152759.jpg,2384.435092547676,0.1147308349609375,124.03843688964844,52.41393647066237,7.564225294716048,0.0028533935546875,3235.5307250382343,1822.873235021088,6.764583333333333,0.6499368330065113,0.1145364934048048,0.9214943299278294,0.0186920166015625,0.0062713623046875,0.606658935546875,screen
20260702_152801.jpg,4273.551789384102,0.1396484375,112.624267578125,53.29857700943934,7.419754364721378,0.0047149658203125,3788.835513512936,1516.3474727604937,9.927971813725492,0.5285033072481593,0.1112344915508515,0.8885481395480453,0.00909423828125,0.0047760009765625,0.6130218505859375,screen
20260702_152803.jpg,5274.352855147561,0.1311187744140625,120.2207489013672,50.15968236674258,7.499345090872267,0.0007476806640625,4036.6216860203263,1584.9912065154538,9.215226715686274,0.5315509384857633,0.0963887284487034,0.883177282458055,0.0069580078125,0.0033721923828125,0.6169891357421875,screen
20260702_152805.jpg,2739.7501856309827,0.164337158203125,116.97804260253906,45.37844564898851,7.374507722720999,0.000946044921875,3430.11465438318,1578.200610508148,7.940226715686274,0.5629374871401013,0.1124434060265254,0.8771617050483751,0.0218963623046875,0.0095672607421875,0.5360870361328125,screen
20260702_152806.jpg,2479.4359376095235,0.090118408203125,132.3823699951172,46.28098478937683,7.448761749854948,0.000244140625,3097.718551880017,2048.0501446691887,5.885799632352942,0.6185254555622897,0.1118213479852354,0.9125093343811546,0.0111236572265625,0.0074310302734375,0.6162261962890625,screen
20260702_152808.jpg,1349.187586549437,0.0484619140625,132.3884735107422,51.66673603136899,7.504099518001134,0.0004119873046875,2262.931586559642,2621.8233933268434,3.216574754901961,0.6899645367910984,0.1236353382350992,0.9616148607764776,0.0179901123046875,0.00921630859375,0.62689208984375,screen
20260702_152810.jpg,2102.5857488361653,0.084136962890625,117.23063659667967,44.20193835670291,7.285327200472891,0.0002899169921875,2830.3181528317973,1968.0512140303151,4.9277420343137255,0.6333437928974538,0.1249726557935092,0.919708033173392,0.0154571533203125,0.010986328125,0.587677001953125,screen
20260702_152811.jpg,2066.9750791189726,0.059326171875,130.7777099609375,39.311133657941205,7.29784962816587,0.0026092529296875,2681.854993522193,2320.5315150456813,4.963648897058825,0.5810614106890737,0.1088378433223486,0.8977244441943132,0.0120391845703125,0.007415771484375,0.62939453125,screen
20260702_152813.jpg,7573.428115742048,0.1380462646484375,109.44517517089844,51.08100636278605,7.42761929943979,0.0057220458984375,4988.055817531501,1171.6018153169373,12.545588235294115,0.5665013247899771,0.1119693212390825,0.8467733899495535,0.0087738037109375,0.005279541015625,0.6302337646484375,screen
20260702_152815.jpg,2225.2730937739834,0.081787109375,122.43362426757812,52.11614391966384,7.335961942313975,0.0,2955.519951921476,2001.4601332257464,6.842110906862745,0.6587412024379251,0.1289927120856224,0.91959115563707,0.016632080078125,0.0055694580078125,0.6250457763671875,screen
20260702_152816.jpg,2242.016129582189,0.0425567626953125,127.07554626464844,48.05026045149218,7.4685805818024384,0.0004730224609375,2794.372668135761,2077.725926709348,4.696446078431373,0.6887378487624032,0.1222245378712553,0.9352283643272488,0.0118560791015625,0.0077056884765625,0.6397857666015625,screen
20260702_152818.jpg,4001.497682004236,0.1298980712890625,128.10430908203125,45.20018524927227,7.438669029882154,0.0,3682.042226488794,1712.6348553880237,8.129702818627452,0.574515324818014,0.1004990009845289,0.8732150747415931,0.0149688720703125,0.00909423828125,0.603057861328125,screen
20260702_152825.jpg,20944.809035833925,0.245849609375,128.50430297851562,66.95183606030311,7.835373212533462,0.0232086181640625,8612.71276052284,835.9728917572766,44.64031862745098,0.3984494425418372,0.066950962493037,0.6818376595711036,0.008148193359375,0.00408935546875,0.599578857421875,screen
20260702_152827.jpg,5313.138992442749,0.144775390625,124.82936096191406,67.19303106135513,7.612445825976905,0.0016021728515625,4222.96075723137,1528.6942679042934,9.608440563725493,0.5504627799508366,0.1020012281938188,0.932077724343854,0.0126495361328125,0.008056640625,0.610260009765625,screen
20260702_152828.jpg,6397.632750740042,0.17523193359375,140.7609100341797,52.5054127690266,7.575614418199926,0.002716064453125,4594.727349490611,1589.2157963270856,11.441819852941176,0.499412100421061,0.0876687350959554,0.8678099478302462,0.0160675048828125,0.008148193359375,0.579498291015625,screen
20260702_152830.jpg,12004.451551130973,0.2635040283203125,135.66162109375,59.720636420844734,7.648290683867966,0.0035552978515625,6149.492149994691,1258.5071684423065,16.793780637254905,0.3725748066284102,0.0712077989641592,0.8498296302939184,0.00341796875,0.002410888671875,0.6335296630859375,screen
20260702_152832.jpg,11815.367526791058,0.2073822021484375,124.63948059082033,63.205814534468,7.718073510088371,0.01129150390625,6766.418521411519,936.973979598814,22.970465686274512,0.5177061531057443,0.0901119968743952,0.8163850957414696,0.0121917724609375,0.0086669921875,0.566558837890625,screen
20260702_152833.jpg,9304.9254248403,0.234344482421875,123.5994110107422,54.17292934166292,7.65610715313445,0.0020294189453125,5895.078124101583,1083.4153060643298,18.713863357843135,0.4177898707395677,0.071876796455545,0.7963573396584444,0.01116943359375,0.0069427490234375,0.575286865234375,screen
20260702_152834.jpg,13912.938788581409,0.204498291015625,121.24055480957033,67.24157805659247,7.740888988277644,0.0076751708984375,6830.303607481979,965.8317917885562,27.212316176470598,0.4337652007523617,0.0814972698288402,0.8078533091244274,0.0079193115234375,0.0044403076171875,0.62701416015625,screen
20260702_152836.jpg,2193.209201015299,0.0778656005859375,127.23837280273438,57.261218194088215,7.607038276052231,0.0012969970703125,2782.796184493701,2141.479401290543,3.758547794117647,0.6632652187991946,0.1147244343331903,0.9633636257493288,0.015869140625,0.010284423828125,0.5985870361328125,screen
20260702_152837.jpg,3001.488046332961,0.1063079833984375,124.20204162597656,67.03394423021297,7.596377746901887,0.001861572265625,3421.401268288733,1621.8662374688004,5.88780637254902,0.6622724387464696,0.1211466962088414,0.9581238017229085,0.031494140625,0.0147247314453125,0.5538330078125,screen
20260702_152838.jpg,2703.534740632167,0.09942626953125,129.5594482421875,60.49884793654081,7.719512632409321,0.007049560546875,3229.3959846488697,1887.7419171777624,5.249601715686275,0.6494215216295207,0.1065853740138188,0.9542726971855277,0.020111083984375,0.0109100341796875,0.5839996337890625,screen
20260702_152840.jpg,2415.124124062946,0.1204071044921875,127.49046325683594,64.17993761833294,7.588527452793886,0.0019683837890625,3190.155827523789,1742.9625489697196,5.329718137254902,0.5840299268548648,0.105006331883885,0.9586533039942904,0.0201416015625,0.0110321044921875,0.5657806396484375,screen
20260702_152841.jpg,12883.125673756003,0.205902099609375,135.79354858398438,63.345559133562666,7.600148531756091,0.012054443359375,6318.870437970248,1182.732016324762,22.861642156862747,0.4133191229127508,0.0824855474112683,0.8180584327250863,0.005828857421875,0.003936767578125,0.61529541015625,screen
20260702_152842.jpg,2559.163860117784,0.092437744140625,130.93267822265625,57.27147115030049,7.630086808002837,0.00042724609375,3263.9125366146754,1840.7986249910168,6.63794424019608,0.5930479973830989,0.0984320801652199,0.9354491113552036,0.0186920166015625,0.011016845703125,0.5965728759765625,screen
20260702_152847.jpg,8055.368357117986,0.1287078857421875,140.7205352783203,60.21113575233029,7.687210439046819,0.003814697265625,5002.192986678947,1485.4452347146014,13.84280024509804,0.5480526049304859,0.0915666621680765,0.8780614786232519,0.016815185546875,0.01214599609375,0.6029815673828125,screen
20260702_152849.jpg,12920.0211357316,0.2205963134765625,124.19395446777344,69.8660742824722,7.677122684355875,0.007965087890625,6711.670681779769,1015.8805802925916,23.691268382352945,0.4113326123780151,0.0767484049693774,0.845035639294088,0.00665283203125,0.003448486328125,0.620819091796875,screen
20260702_152850.jpg,4389.47276712372,0.1152801513671875,127.9896240234375,56.38299746666045,7.64624121342572,0.000152587890625,4057.133842586248,1591.3796464951406,8.504136029411766,0.6174913782380076,0.1036604411486798,0.9142713609702318,0.0261383056640625,0.0179901123046875,0.554290771484375,screen
20260702_152852.jpg,6075.894170321291,0.176513671875,124.48825073242188,72.29920956856905,7.537849564542051,0.0031585693359375,4878.37966769463,1268.7026861302993,17.967141544117652,0.551265966356163,0.1130376539194954,0.8902339552568709,0.01397705078125,0.01019287109375,0.579559326171875,screen
20260702_152853.jpg,3433.265143029159,0.1136474609375,132.43817138671875,62.84622844228479,7.691201237596365,0.0016021728515625,3661.1951779338806,1697.7721946325016,7.742570465686276,0.5650192926934688,0.0947058269002072,0.9373720412733836,0.0204010009765625,0.00946044921875,0.59698486328125,screen
20260702_152855.jpg,2460.3269106214866,0.080047607421875,139.40846252441406,64.60671506610402,7.6126814965290945,0.0018310546875,2945.3307941255825,2217.6612939552438,6.820526960784315,0.6239285447969939,0.111557768473982,0.9477643153405648,0.01666259765625,0.0102081298828125,0.61962890625,screen
20260702_152856.jpg,11282.034413996853,0.1619873046875,139.72091674804688,61.936396007358034,7.680363951707372,0.011932373046875,5869.728064353963,1319.070427352765,25.2413143382353,0.5490684440708358,0.1020434187125112,0.7899641593790068,0.016143798828125,0.0113372802734375,0.6098480224609375,screen
20260702_152857.jpg,1412.5517867170274,0.0241851806640625,140.95089721679688,61.7199638907578,7.540577109805522,3.0517578125e-05,2266.331004433041,2840.5984394830243,3.670235906862745,0.6556503178143364,0.1282375902442798,0.96922193764606,0.00872802734375,0.0060577392578125,0.6656036376953125,screen
20260702_152859.jpg,1278.3216735736933,0.0937347412109375,127.16383361816406,59.231456822124045,7.651410278958478,0.0138397216796875,2254.710931858492,2268.1892911678947,2.825045955882353,0.6111077456997641,0.1049013579247984,0.9742867401867072,0.0342864990234375,0.015594482421875,0.5302276611328125,screen
20260702_152901.jpg,4837.025588584831,0.1451263427734375,136.8934783935547,62.16267163124413,7.697622737771298,0.0034942626953125,4078.772023443007,1634.7785646006496,8.545174632352943,0.4965362256274701,0.0855641843676438,0.9294885342587468,0.01141357421875,0.0076141357421875,0.6094207763671875,screen
20260702_152903.jpg,4107.629188870778,0.107177734375,134.22817993164062,61.14035993212449,7.648004388960882,0.007415771484375,3912.745716678313,1712.956001568901,9.427221200980393,0.5870573589172821,0.1014147219592247,0.91944425957355,0.0171051025390625,0.0089111328125,0.591644287109375,screen
20260702_152905.jpg,2039.037822112441,0.1092987060546875,138.74632263183594,62.999440946218286,7.628328878608451,0.00421142578125,2661.85772320674,2336.14394158419,8.287208946078433,0.6099085450304493,0.1104945308625375,0.9331553249149098,0.03375244140625,0.0157012939453125,0.5425567626953125,screen
20260702_152906.jpg,4912.251118547283,0.105316162109375,129.140380859375,56.238999100062415,7.695300869650733,0.0026092529296875,4300.829003944932,1458.166866735327,10.567524509803924,0.6121382223900214,0.0994012544756471,0.8932920225570518,0.014434814453125,0.0092010498046875,0.591461181640625,screen
20260702_152916.jpg,881.564048348926,0.0413055419921875,137.002685546875,67.49823849419397,7.70721169438656,0.0462188720703125,1692.310169823534,3087.502546228173,3.2588082107843137,0.706943175065295,0.1197793734250308,0.9771354481162566,0.0500335693359375,0.0241241455078125,0.5124053955078125,screen
20260702_152921.jpg,4287.332615632331,0.120513916015625,129.3494873046875,65.47938799670237,7.603011171408111,0.000518798828125,4000.737619849517,1595.5973168848388,10.19108455882353,0.6087703440420291,0.1123034666392402,0.9240920816168412,0.02410888671875,0.0087738037109375,0.6007232666015625,screen
20260702_152922.jpg,2325.788570230594,0.0551910400390625,134.72926330566406,64.72294202387086,7.448366132715899,0.0002593994140625,3108.799706678324,2104.734903462518,5.2024816176470585,0.6837205655622012,0.1368668648319261,0.9602514351529462,0.0165863037109375,0.0098114013671875,0.6173553466796875,screen
20260702_152924.jpg,12116.804210617904,0.2230072021484375,137.1613006591797,55.83196714662314,7.713813629658213,0.0077972412109375,6479.971977876764,1136.7704805975836,25.55461090686275,0.4576742278315386,0.0764148430339935,0.7379606154988827,0.0135650634765625,0.008026123046875,0.597991943359375,screen
20260702_152931.jpg,4345.774482212029,0.1571502685546875,133.8104248046875,57.4457904488924,7.711906850420298,0.0051727294921875,3943.3317706558,1612.9092707059126,8.998391544117647,0.4709292131373576,0.0788393063227841,0.9127539562186966,0.0157928466796875,0.00738525390625,0.6068572998046875,screen
20260702_152933.jpg,4072.829477651976,0.1013031005859375,126.93174743652344,57.467311119669446,7.677462646505996,0.002197265625,3939.926580257564,1583.3762482601078,8.245343137254903,0.5724331362488875,0.096047840537719,0.9202203489515391,0.012451171875,0.005615234375,0.6312103271484375,screen
20260702_152936.jpg,7992.726666744798,0.166259765625,130.8152618408203,63.04446299878925,7.697918920887825,0.0055999755859375,5248.022170587576,1312.8583416864856,16.366590073529412,0.508294934157433,0.0891051805010467,0.8685423469768317,0.01708984375,0.0076141357421875,0.6042633056640625,screen
20260702_152940.jpg,5083.493728107773,0.1692962646484375,125.35807800292967,55.2688202001868,7.673093441325749,0.0026397705078125,4272.733474124739,1441.9205374788532,11.975260416666668,0.5748784414325696,0.0938199752568062,0.8747148894177099,0.0202789306640625,0.008941650390625,0.584259033203125,screen
20260702_152942.jpg,407.68907305574976,0.00543212890625,132.31600952148438,50.23231695379763,7.382601751565039,0.0,1088.9268362959974,4914.528160249712,0.8713848039215684,0.7364829512773418,0.1550841929023183,0.9889271326443064,0.02386474609375,0.0107421875,0.6263885498046875,screen
20260702_152944.jpg,5046.957677311264,0.175628662109375,130.71864318847656,43.220928509468486,7.428733514065969,0.0001678466796875,4048.498867651386,1761.977497244733,8.526424632352942,0.4976939667411866,0.0888028741007741,0.8529728296177959,0.0073089599609375,0.00408935546875,0.633544921875,screen
20260702_152945.jpg,7878.97828786727,0.1946868896484375,121.94680786132812,59.87270796142006,7.671756446375699,0.0056304931640625,5304.557887539008,1148.9368760925329,14.650551470588235,0.4398533812258016,0.0794909711775052,0.8695346198514817,0.0111541748046875,0.0061187744140625,0.601898193359375,screen
20260702_152947.jpg,4639.393600813113,0.2084197998046875,124.58070373535156,57.74388310232717,7.705805334105563,0.00897216796875,4366.357214379248,1375.049059351507,10.92766544117647,0.4355905274412199,0.0753897398511115,0.8953087015167678,0.0143890380859375,0.0087890625,0.5610809326171875,screen
20260702_152948.jpg,13609.409726417623,0.267974853515625,121.8148193359375,55.19580964581999,7.681959380118608,0.004241943359375,6888.389748225445,962.3787595034782,25.27657781862745,0.3651525070517771,0.0645405661773966,0.7354144820564806,0.007232666015625,0.0052032470703125,0.585968017578125,screen
20260702_152953.jpg,3038.794893504819,0.15814208984375,131.43128967285156,56.25471586641653,7.614501413527657,0.0001678466796875,3432.3689652585954,1824.5797411620456,8.294960171568627,0.5046522743901395,0.0891093130577445,0.9162151349391674,0.0181121826171875,0.0100860595703125,0.5784759521484375,screen
20260702_152955.jpg,4130.754488326376,0.148651123046875,134.43089294433594,62.59178672927387,7.591607311745736,0.0110321044921875,4210.335440039492,1502.4308711271526,10.690042892156862,0.5661234556591161,0.1022634189208381,0.9126968572591004,0.0145263671875,0.0104217529296875,0.5459136962890625,screen
20260702_152956.jpg,3305.848950132495,0.1225128173828125,133.41941833496094,56.770533196867085,7.55215146193616,0.0008392333984375,3832.436556970269,1616.520955554266,7.522150735294117,0.5702273009678539,0.1063832620334566,0.9254136211834468,0.018341064453125,0.009246826171875,0.5862274169921875,screen
20260702_152958.jpg,4278.424042697763,0.14239501953125,147.7910919189453,51.51741679063384,7.5336104813256,0.001068115234375,4027.239329085116,1826.777976731253,8.086320465686276,0.4870916841386795,0.0910175357798701,0.9027344987428454,0.0111541748046875,0.004913330078125,0.611053466796875,screen
20260702_152959.jpg,9136.463323052973,0.1795806884765625,126.28802490234376,68.82006298133734,7.648201100377924,0.014434814453125,5012.584645745408,1302.4085984726048,16.717524509803923,0.480945329145736,0.0935128307208613,0.8871202301095154,0.0182647705078125,0.0063018798828125,0.59490966796875,screen
20260702_153001.jpg,2208.921146838926,0.1110687255859375,130.8179168701172,55.36784233206335,7.666542564192974,0.0004730224609375,3005.9055105745983,1925.45774552245,5.852573529411765,0.6013056610088386,0.0995216093648176,0.9390694779459828,0.0326995849609375,0.016082763671875,0.525665283203125,screen
20260702_153003.jpg,11372.059146642683,0.2751312255859375,125.599853515625,65.72823592104838,7.728287399799519,0.0190582275390625,6068.15584538705,1032.048020340664,18.370358455882357,0.4475275079179196,0.080738694465103,0.8642044452011691,0.0161895751953125,0.0056915283203125,0.597991943359375,screen
20260702_153004.jpg,8477.728785987943,0.2270965576171875,133.44436645507812,64.02280820218859,7.689705271582068,0.0073394775390625,5681.282469199791,1303.2908518016854,15.99621629901961,0.4471287898870186,0.0789499068658897,0.875301508691717,0.0065155029296875,0.003936767578125,0.6056060791015625,screen
20260702_170332.jpg,3363.3063961826265,0.0440826416015625,142.3561553955078,74.29553613994285,6.630938362751326,3.0517578125e-05,3423.949694757928,2070.040975646216,7.054457720588236,0.7012080538166288,0.1920313183459118,0.9589989493629592,0.0066070556640625,0.00347900390625,0.64947509765625,screen
20260702_170846.jpg,2755.2119432555046,0.055999755859375,129.69927978515625,78.42549197314186,7.069389536759354,0.0,3019.551524172279,2067.3346877585973,6.178783700980391,0.7038363622889884,0.1800766412482209,0.9678212416497648,0.0126190185546875,0.0055084228515625,0.6419525146484375,screen
20260702_182334.jpg,10433.468355118295,0.2000885009765625,102.45973205566406,65.5345982307074,7.689062228747733,0.0053558349609375,6362.536778979138,857.3317299013163,26.00663296568628,0.4536055565848323,0.0894651502783179,0.8065475191682567,0.0074005126953125,0.0047760009765625,0.5992279052734375,screen
20260702_182345.jpg,1693.9948275601491,0.118743896484375,104.35011291503906,57.729229205934935,7.554230879515589,0.00274658203125,2901.605237576136,1567.4033576903585,5.153186274509804,0.6329143566578608,0.1198004143217662,0.9506213334619974,0.0247039794921875,0.01617431640625,0.491546630859375,screen
20260702_182348.jpg,1266.923918992048,0.110870361328125,95.8256378173828,46.7846111857409,7.420050305554591,0.0,2399.4207381511837,1652.6615279041598,3.942892156862746,0.5977593593174655,0.1087986273239696,0.9425006373424528,0.023284912109375,0.0103912353515625,0.53680419921875,screen
20260702_182352.jpg,2123.852819785476,0.10504150390625,93.55213928222656,53.62307015030805,7.510479575218115,0.00067138671875,2993.7966379277727,1504.67915974237,4.921920955882353,0.6319706354241333,0.1167451688378368,0.945367126307568,0.011932373046875,0.0076904296875,0.6086883544921875,screen
20260702_182353.jpg,1803.954605541192,0.10693359375,105.32139587402344,56.58547010696598,7.6212086028785,0.000762939453125,2866.900980620509,1710.94049095842,4.6933670343137255,0.6440721015392809,0.1106755180659719,0.9531990029357192,0.0157928466796875,0.0111236572265625,0.5790557861328125,screen
20260702_182356.jpg,2328.1281047826637,0.1400909423828125,100.58377075195312,46.40460101016158,7.454839152094381,0.01025390625,3076.8828386547843,1541.2708499378473,4.4577052696078425,0.5491687791249175,0.1073315174421656,0.9338556503904436,0.0165252685546875,0.0096588134765625,0.575714111328125,screen
20260702_182357.jpg,2429.235867283307,0.135772705078125,104.66770935058594,49.74575844424192,7.60118177790161,0.000579833984375,2977.0964820910526,1719.1708882497778,4.939568014705882,0.5658836262911608,0.0982213262475551,0.9362002600795332,0.019622802734375,0.011993408203125,0.5731048583984375,screen
20260702_182359.jpg,2934.9321818032768,0.1588592529296875,111.36769104003906,47.66656694630458,7.524739498567917,7.62939453125e-05,3629.855017358029,1495.75948796514,6.215364583333335,0.5998901976325403,0.1060924874410246,0.9124454174510748,0.03021240234375,0.014373779296875,0.525482177734375,screen
20260702_182402.jpg,792.8383013969287,0.0398101806640625,111.06814575195312,54.61075832881546,7.598736628272183,0.0,1838.197959674672,2440.163135115933,2.3301930147058822,0.7025743465514841,0.1203774310991425,0.975066957999461,0.0201568603515625,0.01361083984375,0.580810546875,screen
20260702_182406.jpg,2418.0269754193723,0.082489013671875,149.17852783203125,76.18009643375979,7.503543024962848,0.17047119140625,3197.614873627503,2084.786974683884,5.766467524509805,0.650399057702946,0.1571739979575929,0.9678655768500896,0.0195465087890625,0.0134124755859375,0.5236663818359375,screen
20260702_182411.jpg,1616.2653493871912,0.1138153076171875,154.59947204589844,57.495829759946425,7.298448385455129,0.1338958740234375,2789.502128393273,2313.691454449568,4.654074754901961,0.6606059108091951,0.1525624037760379,0.9540670466300024,0.0304107666015625,0.0186309814453125,0.482696533203125,screen
20260702_182417.jpg,1969.650419092737,0.09124755859375,125.0635223388672,58.510407988358985,7.732929799342209,0.0003509521484375,2836.459958164073,1965.1065330743647,5.522166053921569,0.6606196166589242,0.1084836611168975,0.948447356148012,0.0230255126953125,0.0110321044921875,0.5733184814453125,screen
20260702_182419.jpg,1698.433225302957,0.0552978515625,128.8673095703125,62.91940530863628,7.70733734465172,0.0,2384.2679235728137,2564.073039138587,3.684451593137255,0.6309634674644746,0.1100923239524154,0.970157275087682,0.0153656005859375,0.00592041015625,0.6348114013671875,screen
20260702_182420.jpg,614.5998264325317,0.0824737548828125,116.5120086669922,59.69677669305072,7.603524017699148,0.0441741943359375,1934.5471243179727,2176.268232613059,3.124126838235294,0.7090053652256969,0.1267945248098787,0.971686032605918,0.0554351806640625,0.0222625732421875,0.4472808837890625,screen
20260702_182423.jpg,1004.1321713291107,0.100799560546875,115.60032653808594,63.343647905657534,7.714665936791221,0.004119873046875,2151.706570403382,2183.151404409889,3.467003676470589,0.6444349501692681,0.1093811310337079,0.9724091106323022,0.0319671630859375,0.0180511474609375,0.50701904296875,screen
20260702_182424.jpg,2188.6153997620568,0.1403656005859375,138.47653198242188,63.803954016417386,7.762028274110886,0.021148681640625,3008.972771970879,1976.3132026582136,5.5309589460784325,0.5915577855396312,0.0951402683391587,0.9564867367378374,0.0250701904296875,0.01239013671875,0.53021240234375,screen
20260702_182426.jpg,5971.890286590904,0.231536865234375,127.5448760986328,62.37373182815766,7.811089062323412,0.0135040283203125,4856.481723882116,1341.641771045806,12.599601715686273,0.422496208285067,0.0702599464788176,0.8964053213451325,0.0126953125,0.0077362060546875,0.5780029296875,screen
20260702_182427.jpg,2857.724837779766,0.18328857421875,124.71420288085938,62.00273286517968,7.783056640254003,0.0013275146484375,3516.4202530133985,1564.3165272519884,8.089093137254903,0.5020602811365928,0.0813594087462329,0.9326879243993976,0.02069091796875,0.011810302734375,0.5308074951171875,screen
20260702_182430.jpg,1032.2433318810072,0.047821044921875,123.5075225830078,61.52187873662338,7.562008132287261,0.00567626953125,1958.837698754076,2796.598108125992,2.7297181372549018,0.605615989058542,0.1085961350683276,0.9769453964023254,0.0156402587890625,0.0091705322265625,0.610260009765625,screen
20260702_182431.jpg,7051.882618767908,0.2063751220703125,124.55915832519533,62.60883256838258,7.844896518334804,0.03277587890625,5254.231804111289,1217.1408426481423,13.3741881127451,0.4620122319268717,0.0721571714324722,0.8907372758981339,0.014129638671875,0.006439208984375,0.58331298828125,screen
20260702_182432.jpg,2303.9500344842672,0.0850372314453125,105.26231384277344,47.96736936294516,7.503525912089882,0.0059661865234375,3121.1933700471423,1568.8802193298077,5.151056985294117,0.6145265477468889,0.1147956539051505,0.9285485449775458,0.0153961181640625,0.00811767578125,0.594146728515625,screen
20260702_182433.jpg,1448.3106684123632,0.0352935791015625,101.78050231933594,43.56782620037176,7.393969665985504,0.005340576171875,2254.364678497367,2266.2665347183456,3.100245098039215,0.6183079157564811,0.1179207981819023,0.9478552938690208,0.0068359375,0.0050811767578125,0.6514892578125,screen
20260702_182442.jpg,1470.5789396406617,0.0320281982421875,117.17376708984376,46.42252534800306,7.4834030063030355,0.007568359375,2262.0857126641936,2548.5680382773826,2.977466299019608,0.5969952983083143,0.1085858937600994,0.9558107173683464,0.0081329345703125,0.005523681640625,0.6475830078125,screen
20260702_182444.jpg,2290.547973423265,0.0850372314453125,129.32875061035156,55.84893423897153,7.670842706173445,0.0003204345703125,3005.087053842092,1987.3353328811725,4.873069852941176,0.5866987849498726,0.095889445620387,0.9500163538475483,0.019378662109375,0.0087890625,0.6024627685546875,screen
20260702_182445.jpg,3027.350852190517,0.09771728515625,125.13816833496094,55.518085163654135,7.6941662507597455,0.0137176513671875,3301.215077717457,1858.1985899697625,4.876593137254902,0.5626511146501896,0.0984141050846386,0.9495178104808344,0.01080322265625,0.0057373046875,0.6165008544921875,screen
20260702_182446.jpg,2466.7695082628634,0.071990966796875,105.89682006835938,60.470837876950064,7.637112736283574,0.0046539306640625,3016.206301581624,1677.7316968690443,7.78829656862745,0.6599793125367315,0.1296906447497895,0.932027989400037,0.0134429931640625,0.0081329345703125,0.6072235107421875,screen
20260702_182450.jpg,1870.4672994082796,0.110595703125,135.6341094970703,55.87591938556231,7.5654027659410685,0.0027618408203125,2816.1585806225785,2226.479441129392,3.695741421568628,0.6281291714679724,0.1119578762560335,0.9623015508795472,0.022125244140625,0.0074462890625,0.5924224853515625,screen
20260702_182451.jpg,1993.4072383043824,0.0224456787109375,136.26734924316406,57.11498785766143,7.477637297953929,0.0004425048828125,2347.831061711168,2835.2892689024884,3.8699448529411766,0.6673953317227878,0.1282046841899786,0.9620618507838946,0.0131072998046875,0.0048675537109375,0.632080078125,screen
20260702_182452.jpg,1201.540761884069,0.031341552734375,132.52975463867188,60.73329642254714,7.610981365105061,1.52587890625e-05,2008.6054234155624,2967.0149336682207,2.0600643382352946,0.6943280140116794,0.1209942261952878,0.9821838924723596,0.0189361572265625,0.0075836181640625,0.6125030517578125,screen
20260702_182453.jpg,1237.6583753598388,0.0679931640625,132.6722869873047,54.88208250009762,7.557771357906375,0.00830078125,2159.992551912789,2673.8450255018347,2.336534926470588,0.656465248693564,0.1157108005782064,0.9752986938304736,0.0212249755859375,0.0086822509765625,0.6002960205078125,screen
20260702_182454.jpg,2132.9878067635,0.077911376953125,120.36077880859376,58.197293088938295,7.616470326944662,0.0113067626953125,2649.5842862819795,2224.558649467648,3.8757812500000006,0.6216008524402961,0.1125419963634673,0.9634401561218058,0.013519287109375,0.005401611328125,0.6119537353515625,screen
20260702_182509.jpg,2384.3195514529943,0.05682373046875,127.1438446044922,50.76052837089517,7.616464982362703,0.00592041015625,2749.71432921159,2317.7084991508664,4.464292279411765,0.6064836825452758,0.1021726722481944,0.9445328554653764,0.012420654296875,0.00921630859375,0.6143035888671875,screen
20260702_182514.jpg,3829.91869103536,0.1825714111328125,111.54193115234376,70.9567688730777,7.775304070402735,0.0169677734375,3978.973457101797,1412.8402578165944,9.085983455882351,0.4847454171498661,0.0968613306002665,0.9423992298686326,0.00787353515625,0.005096435546875,0.6053314208984375,screen
20260702_182518.jpg,2931.098772961413,0.1788482666015625,133.9217529296875,65.13126543760231,7.622646293671549,0.0012969970703125,2716.7497890496106,2465.677402801349,7.564690563725492,0.4798114214793695,0.0860487944913997,0.94274740233224,0.009429931640625,0.0027923583984375,0.6909332275390625,screen
20260702_182519.jpg,1372.418636204442,0.056976318359375,121.7518310546875,68.1067631414978,7.779945267422326,0.0055694580078125,2234.6933252399253,2344.729494922413,3.6022518382352944,0.5586577383703926,0.0902839427805215,0.9752311072883202,0.01458740234375,0.0060577392578125,0.64306640625,screen
20260702_182521.jpg,4204.1070083600935,0.123504638671875,111.35343933105467,65.21876360317903,7.687395039415195,0.040008544921875,3576.217396614478,1497.0876958660997,11.332337622549025,0.4584157510991136,0.091991938709874,0.9148790807350902,0.008514404296875,0.004669189453125,0.634979248046875,screen
20260702_182522.jpg,1423.24080298841,0.081268310546875,122.65237426757812,65.69629618460655,7.605674360937524,7.62939453125e-05,2391.9472743861243,2331.5519760591174,3.728737745098039,0.7327550261979073,0.1391413151047236,0.972375150635394,0.0254058837890625,0.0149078369140625,0.5875091552734375,screen
20260702_182523.jpg,4523.901129540056,0.1345367431640625,113.5662078857422,71.86892305364583,7.761618457416133,0.030029296875,3954.760243041164,1343.4689628002,10.780055147058825,0.4904581453906654,0.0879331427632921,0.9333860649526,0.00848388671875,0.0036163330078125,0.6637420654296875,screen
20260702_182524(0).jpg,2596.7771751796827,0.133636474609375,130.2638397216797,63.53420951437039,7.772274069175705,0.0077056884765625,2051.3559160736927,2441.9633577345508,2.937423406862745,0.6453445249668063,0.1053210287129303,0.976666894125316,0.018890380859375,0.0086822509765625,0.6347808837890625,screen
20260702_182524.jpg,4959.848166260636,0.130889892578125,122.34083557128906,63.41652422176873,7.81644743785886,0.00787353515625,4082.661511450453,1427.5944336405648,8.867524509803923,0.4863019728060455,0.077269490761913,0.9294527139908212,0.008544921875,0.004241943359375,0.667938232421875,screen
20260702_182525.jpg,5286.290918216109,0.160308837890625,120.94685363769533,72.24023264732583,7.731934841117766,0.011962890625,3353.669241817135,1800.862091680047,8.474126838235295,0.5012821903304531,0.1002997774618988,0.9481754289161596,0.010467529296875,0.0038299560546875,0.6928558349609375,screen
20260702_182526.jpg,3620.714366374305,0.116455078125,117.93788146972656,62.26769573332236,7.76181528691377,0.000640869140625,3769.803321706129,1563.883034314032,7.709589460784314,0.5832646968503769,0.0934267302305321,0.9364560785679864,0.0115203857421875,0.005767822265625,0.646209716796875,screen
20260702_182527.jpg,1760.2182428007943,0.12274169921875,110.7898406982422,57.13093445597579,7.72591720012944,0.0284576416015625,2584.9212057093164,1758.354014118116,4.284650735294118,0.5127609050949294,0.0858048553235489,0.9580967686810172,0.0140228271484375,0.0100860595703125,0.5946502685546875,screen
20260702_182528.jpg,15418.551767477533,0.2562713623046875,122.59385681152344,75.2264826515213,7.84301387636655,0.060791015625,7294.013413737221,922.707350380255,30.217294730392155,0.339372849826935,0.062496825434203,0.8292188851608551,0.0036468505859375,0.002410888671875,0.651763916015625,screen
20260702_182529.jpg,11012.9433968605,0.226959228515625,125.65670776367188,65.01824584885955,7.847079311415919,0.0126953125,5670.165336809831,1178.187484370453,25.15488664215686,0.3584478215528849,0.0617867281821656,0.8095854764128374,0.0069122314453125,0.0040283203125,0.65057373046875,screen
20260702_182530.jpg,3372.4613338559866,0.1234283447265625,118.95742797851562,66.65025841036109,7.713324328050646,0.003265380859375,2757.15460441476,1744.4885440739497,7.087101715686274,0.4858304712478579,0.0901616908194804,0.949012581652208,0.02667236328125,0.008819580078125,0.6328582763671875,screen
20260702_182531.jpg,646.266055295011,0.058685302734375,124.85041809082033,61.640377040324346,7.672598150605329,1.52587890625e-05,1557.273397223173,2666.5421689890304,2.540686274509804,0.656066394748205,0.1105875656750601,0.978562625689749,0.047607421875,0.0173797607421875,0.5662689208984375,screen
20260702_182532.jpg,437.2244311699178,0.0750579833984375,119.22903442382812,69.26169266499767,7.507605861242489,9.1552734375e-05,1492.9616173852817,2626.894705294438,1.8618259803921573,0.7016503857427294,0.1322730181694254,0.9876129356676658,0.03009033203125,0.019256591796875,0.5058746337890625,screen
20260702_182533.jpg,760.4078035792336,0.0940704345703125,120.89402770996094,68.55571925666413,7.628728265771907,0.00018310546875,1934.334848067192,2158.652575641779,2.83641237745098,0.6144650766775108,0.1078986758257804,0.9807191522633952,0.038177490234375,0.0180511474609375,0.490081787109375,screen
20260702_182534.jpg,5927.373306479072,0.13592529296875,117.55401611328124,66.47012010983399,7.803449321254198,0.0082550048828125,4768.025212752938,1229.52459221986,11.829105392156864,0.4879680216523563,0.0795365014385173,0.914489222086172,0.010467529296875,0.0057830810546875,0.609283447265625,screen
20260702_182535.jpg,3571.433053085348,0.183135986328125,119.65837097167967,61.85647882469877,7.809822740326433,0.0096588134765625,3540.6244221097822,1644.8852065901588,7.955269607843137,0.458012411533865,0.0765563231073795,0.9334962396299384,0.0105133056640625,0.0070648193359375,0.5832366943359375,screen
20260702_182536.jpg,3077.0655874079093,0.1349334716796875,116.7638702392578,63.10644801206893,7.822700222116172,0.0089874267578125,3200.4169423549606,1680.2595446234438,8.215762867647062,0.4914492988617914,0.0806735469931768,0.9339598063008322,0.0185546875,0.00775146484375,0.578216552734375,screen
20260702_182539.jpg,2510.982574447989,0.086181640625,115.5919952392578,66.82296084216745,7.78592071428835,0.0099945068359375,3071.6095105409827,1785.9362682800315,6.851485906862746,0.5798680912467007,0.0970260289698695,0.9509793293852816,0.0113983154296875,0.00445556640625,0.625823974609375,screen
20260702_182540.jpg,897.4381873458624,0.045562744140625,129.190185546875,64.7962520795711,7.856429079508896,0.024017333984375,1783.3654283513083,2827.523865748157,2.173544730392157,0.6184319232575235,0.0949840725634885,0.9834274803438146,0.034942626953125,0.0193634033203125,0.5447540283203125,screen
20260702_182541.jpg,1042.588512837654,0.05419921875,114.69720458984376,64.43292667980809,7.794019892906871,0.012786865234375,1954.3534092805664,2284.8742712402154,2.209283088235294,0.6043784658348803,0.0981240615215252,0.9829533621094292,0.0325469970703125,0.0173492431640625,0.536224365234375,screen
20260702_182542.jpg,555.8731650260743,0.06304931640625,113.55099487304688,61.24576022364758,7.689455672331684,0.002044677734375,1678.620541410791,2481.895440402963,2.80390625,0.6868090629597987,0.1163399527073833,0.9760933403213816,0.0361328125,0.0121612548828125,0.55609130859375,screen
20260702_182543.jpg,1035.398331872886,0.0843658447265625,134.05789184570312,58.67648642496185,7.613705540448976,0.000885009765625,2029.6806536595625,2569.248957589672,2.670419730392157,0.5933710279110221,0.1049070424503532,0.9751817341325222,0.0235748291015625,0.0178070068359375,0.502227783203125,screen
20260702_182548.jpg,6820.973711117171,0.1799468994140625,113.53921508789062,61.43649278341409,7.806347687907365,0.00927734375,5229.892774433403,1093.612213267723,13.5101256127451,0.5127886232934632,0.0829668699524744,0.8855700711263895,0.015106201171875,0.008636474609375,0.580535888671875,screen
20260702_182553.jpg,5027.736114501953,0.157745361328125,143.76512145996094,55.096534699601904,7.582610371116028,0.0009918212890625,4160.301124718624,1852.519747280489,9.725704656862748,0.422998499914518,0.0797501729181533,0.8967336028944396,0.0081634521484375,0.0033111572265625,0.6476287841796875,screen
20260702_182554.jpg,9049.57449697121,0.1849822998046875,144.50611877441406,48.936841711748784,7.596814474734403,0.0081024169921875,5323.6355018297945,1459.9015284151417,11.723299632352942,0.4180182907822287,0.0751143730694539,0.8435159591345631,0.007354736328125,0.0045928955078125,0.6212921142578125,screen
20260702_182555.jpg,8213.841019520303,0.177215576171875,133.26588439941406,58.453564329350215,7.788721788129338,0.01458740234375,5112.930506342411,1359.0921043473716,17.668979779411767,0.4105086440963106,0.0676007723037794,0.8342784441774839,0.0106201171875,0.004669189453125,0.6337432861328125,screen
20260702_182556.jpg,2365.171305558644,0.1415252685546875,106.64344787597656,65.47576938877909,7.807321180314795,0.0153656005859375,2981.9334769809248,1724.9879346154703,4.990640318627451,0.5569888622549959,0.0982309568256169,0.9627850177771372,0.014190673828125,0.007965087890625,0.5981903076171875,screen
20260702_182557.jpg,1510.137550873449,0.0072021484375,121.10455322265624,49.5406680963254,7.468333946828987,0.0018463134765625,2064.560349578107,3022.1783178868995,2.300811887254902,0.5966003737373993,0.1072341145187248,0.9700895833275665,0.00323486328125,0.0023193359375,0.673004150390625,screen
20260702_182600.jpg,3345.108937194338,0.09893798828125,107.07571411132812,65.03706316213977,7.802575244659309,0.0197296142578125,3269.2162832415515,1608.7849936314883,4.755912990196078,0.5501252042514084,0.0954268723826645,0.9640913762598936,0.0116119384765625,0.006317138671875,0.61541748046875,screen
20260702_182603.jpg,7024.499526738189,0.1707916259765625,105.68739318847656,72.69333506515213,7.665208275884874,0.0040435791015625,5063.027894203525,1067.3023926611384,15.614920343137255,0.4901304816053721,0.092077428698946,0.9057276435220024,0.009124755859375,0.005157470703125,0.607940673828125,screen
20260702_182604.jpg,1989.2655014842749,0.141876220703125,122.71589660644533,56.26044760816733,7.705873072832312,0.0007171630859375,2826.885191868124,2011.060586421276,4.301164215686274,0.6129085588049236,0.0985842031353838,0.9563924699991416,0.019317626953125,0.0124359130859375,0.5485687255859375,screen
20260702_182609.jpg,11437.259674098344,0.241851806640625,117.67259216308594,63.890718597326334,7.775248409150905,0.0034942626953125,6166.103631317851,1035.6001980634758,20.787714460784315,0.4008836547825102,0.0786423609051562,0.8373863333572247,0.009521484375,0.0045928955078125,0.6019287109375,screen
20260702_182610.jpg,7160.600380368298,0.2585906982421875,134.91546630859375,62.76458445313367,7.7191117922665775,0.005126953125,5338.030185093484,1310.0169938147435,15.884957107843135,0.412460779201067,0.0750915273917971,0.8713013020118723,0.009796142578125,0.0059967041015625,0.6025238037109375,screen
20260702_182611.jpg,2722.05966749019,0.1834564208984375,133.6105499267578,61.88167615421467,7.698125409857382,0.001922607421875,3016.6307450700174,1975.5750074768955,5.758578431372549,0.5038873577633805,0.0860450037925418,0.951773142328057,0.0131683349609375,0.005279541015625,0.6478729248046875,screen
20260702_182617.jpg,6907.725074856542,0.1845550537109375,121.92892456054688,64.20951011911697,7.798165665206029,0.0044097900390625,5087.836752843099,1136.585976019962,20.9725949754902,0.4763046652493193,0.0761743013734107,0.8375814378936426,0.024871826171875,0.0108184814453125,0.56988525390625,screen
20260702_182618(0).jpg,12925.037789782276,0.333648681640625,144.99563598632812,59.15886374969184,7.692216991255152,0.0072021484375,6891.635511643323,1227.7073619933562,26.902634803921565,0.3836461000412156,0.0709658691835744,0.7544846921272174,0.0054931640625,0.003143310546875,0.597198486328125,screen
20260702_182618.jpg,6239.080672075739,0.211669921875,115.16856384277344,70.33955608732518,7.803294550195591,0.0070953369140625,4998.150841313725,1147.7757738434311,12.371522671568629,0.442820895225814,0.0761348683290145,0.920171135199655,0.0084228515625,0.006011962890625,0.5850677490234375,screen
20260702_182619.jpg,7357.910533964401,0.190277099609375,116.1333465576172,68.05532893681803,7.845335567161858,0.0086212158203125,5201.657334204117,1133.0423325571835,15.007552083333335,0.4414012704328137,0.0719710184613432,0.8964649553201571,0.007537841796875,0.00537109375,0.6016693115234375,screen
20260702_182620.jpg,1553.9773100574969,0.1188507080078125,113.87246704101562,71.77120754803396,7.709955069022253,0.0035552978515625,2380.697943244132,2132.8931929674604,4.219087009803921,0.5338382889352231,0.0953612476459591,0.9738459206815578,0.01641845703125,0.0081787109375,0.5848541259765625,screen
20260702_182621.jpg,1004.1099846800788,0.1252593994140625,125.94107055664062,61.16261883376077,7.789512367387792,0.0062713623046875,2062.717886147942,2386.626047912954,2.689292279411765,0.5998775329246782,0.0936303494945325,0.9770169336418036,0.0299072265625,0.015625,0.50775146484375,screen
20260702_182622.jpg,1468.0631584525108,0.1103973388671875,116.6162567138672,59.77193086628458,7.672127776482203,0.0052642822265625,2494.469068655721,2007.982592005177,4.280667892156863,0.5349712008722335,0.0941639443513206,0.961774328362851,0.0166778564453125,0.0080413818359375,0.56793212890625,screen
20260702_182623.jpg,1098.9315491111483,0.1304473876953125,139.15963745117188,57.18823293387397,7.561421012542422,0.0005340576171875,2099.4890575428462,3138.109222341989,2.395404411764705,0.5699783150006541,0.1020506748825635,0.9766127124736964,0.0160064697265625,0.0090484619140625,0.562225341796875,screen
20260702_182624.jpg,1408.0460862880573,0.1997222900390625,118.40925598144533,69.36318724490062,7.761394372499507,0.00469970703125,2781.605657231913,1727.6095721300103,4.869944852941177,0.5281047286782772,0.0920103733440792,0.9676622803195296,0.0233001708984375,0.0150146484375,0.4603271484375,screen
20260702_182625.jpg,1283.0723216568583,0.144805908203125,127.12342834472656,63.43510359882084,7.720042682348312,0.003814697265625,2416.6183279493985,1937.4777941491595,3.723406862745098,0.5690504673416013,0.0961917942654614,0.9704400778608536,0.0421295166015625,0.022369384765625,0.4636993408203125,screen
20260702_182626.jpg,598.9052228769287,0.0651092529296875,125.47410583496094,65.34428242026658,7.73079532039188,0.0010986328125,1610.028115798991,2756.9622937892186,3.3639552696078434,0.6441362122653242,0.1049444475025569,0.9748078160931396,0.0674591064453125,0.028167724609375,0.440887451171875,screen
20260702_182627.jpg,954.619094706839,0.0579376220703125,135.218505859375,58.07902181690864,7.493988197487538,0.00042724609375,1754.217102801679,3383.251455881752,1.995971200980392,0.5903535860763707,0.1109049373207906,0.9810891395201152,0.0223236083984375,0.0153045654296875,0.5699310302734375,screen
20260702_182628.jpg,755.9481715559959,0.0688018798828125,127.87043762207033,56.14539602206057,7.664972216787374,0.0007171630859375,1654.9060145895835,3328.4061240948176,1.7887408088235293,0.6415079692062291,0.1039257978735299,0.9818697853871666,0.023834228515625,0.0207977294921875,0.511962890625,screen
20260702_182629.jpg,699.829945769161,0.0834808349609375,112.59727478027344,66.8760016391105,7.731718321984074,0.000946044921875,1839.883136771007,2253.9519083499445,2.41015625,0.6510751989417773,0.1070989395817937,0.9827631742630478,0.0290374755859375,0.0213623046875,0.5001220703125,screen
20260702_182632.jpg,937.4537210315466,0.097503662109375,111.78135681152344,55.94656248354736,7.717080614268014,0.00042724609375,2091.783868723948,2200.386582449817,3.3574142156862745,0.6243599528356396,0.0997269383705697,0.9657428500861928,0.0155792236328125,0.0105438232421875,0.5769500732421875,screen
20260702_182633.jpg,1096.138494992396,0.105560302734375,121.80648803710938,55.65066394136155,7.721464880085325,0.0010986328125,2184.17655110648,2338.198763739569,2.950949754901961,0.5773891129262969,0.0914897352339609,0.969549093104131,0.018280029296875,0.013031005859375,0.5583038330078125,screen
20260702_182634.jpg,1819.9817375706043,0.202239990234375,119.76068115234376,61.016077708587005,7.796363021158792,0.0047454833984375,2988.237673098622,1732.0150946475642,6.595159313725491,0.4606813789595915,0.0744693390337032,0.9434203167579606,0.0163726806640625,0.011474609375,0.5155792236328125,screen
20260702_182635.jpg,955.6317443912848,0.1145172119140625,117.89573669433594,54.787049539593866,7.687989052042197,0.001861572265625,2238.737029410828,2149.9673694302423,3.636427696078432,0.6042569077613417,0.0980753334684797,0.9613210094676596,0.018463134765625,0.0121002197265625,0.54119873046875,screen
20260702_182636.jpg,1196.3477892091032,0.1049652099609375,126.45004272460938,60.758918068676174,7.756022692268654,0.00848388671875,2204.843687374477,2346.476031072673,2.792493872549019,0.5657679991970803,0.0905798808999592,0.9758315477537838,0.02752685546875,0.0158538818359375,0.5199432373046875,screen
20260702_182637.jpg,573.2105555587914,0.0456695556640625,113.88363647460938,55.02867691278927,7.61564800976133,0.0003204345703125,1580.9405199800594,2833.5363925969978,1.407061887254902,0.6767094027772602,0.1133059016076915,0.9851686197805024,0.0284271240234375,0.014617919921875,0.56646728515625,screen
20260702_182638.jpg,913.024764204165,0.1368408203125,119.26658630371094,60.00077609141214,7.795155977763168,0.00933837890625,2206.674758172036,2103.3818039063,3.3738817401960786,0.6263864308624141,0.0965945695272041,0.9700711356534304,0.0271148681640625,0.0147705078125,0.5045318603515625,screen
20260702_182639.jpg,1255.2923123368528,0.084442138671875,123.21295166015624,56.83839906163144,7.647016856172704,0.0013427734375,2251.517645694516,2178.995627904554,2.919653799019608,0.5754493631846685,0.0979327598485899,0.9711291920619616,0.0258636474609375,0.0125274658203125,0.5718841552734375,screen
20260702_182640.jpg,1373.7320121815428,0.14544677734375,120.45794677734376,56.27835766602521,7.686814208584982,0.000732421875,2645.9851262136685,1992.850805496658,4.081985294117647,0.5495805290956901,0.0889553843589821,0.9588542923410216,0.0127716064453125,0.0084381103515625,0.5406494140625,screen
20260702_182641.jpg,1029.9552647022065,0.0896453857421875,122.86903381347656,67.66324332780879,7.815114110961372,0.0013885498046875,2081.4073170672877,2424.923720644093,3.236014093137255,0.6197696094017175,0.0988960029335656,0.9774221703556808,0.0166015625,0.01043701171875,0.5731353759765625,screen
20260702_182644.jpg,1236.6462770765647,0.0666351318359375,138.56085205078125,50.655697152062864,7.535666469239806,0.000762939453125,2123.2449471861023,2883.1829814799503,2.671920955882353,0.5973686385616552,0.1056375259098134,0.9667980868897852,0.0206298828125,0.0095062255859375,0.5749664306640625,screen
20260702_182645.jpg,1682.392197072506,0.0971527099609375,144.0561065673828,50.61176504879922,7.485577592265963,0.002960205078125,2522.8678676677605,2631.4477893791677,3.242999387254902,0.5785465832423631,0.1027736151360345,0.959674603758285,0.0214080810546875,0.0093536376953125,0.5971527099609375,screen
20260702_182646.jpg,589.3252835124731,0.0571136474609375,133.97906494140625,57.495439866345,7.540926833026816,0.0,1652.382575147315,3134.329191793174,1.5204656862745096,0.7140371660719126,0.1348974493814436,0.9853349268696426,0.023162841796875,0.0089263916015625,0.6045074462890625,screen
20260702_182647.jpg,1042.7509714327753,0.0582275390625,146.5066375732422,43.68452639742844,7.2615527700760545,0.000732421875,1971.7047296720475,3257.97171572026,1.911780024509804,0.6409696317394613,0.1277345603169543,0.967960899730436,0.0195465087890625,0.0077667236328125,0.615478515625,screen
20260702_182648.jpg,1735.9164858812,0.1003570556640625,126.13075256347656,47.74732150110454,7.5300285054967935,0.0068206787109375,2524.1860924801317,2228.08164765922,3.450444240196079,0.523649741696391,0.0951155739482764,0.9516668577660664,0.0139617919921875,0.00787353515625,0.6005859375,screen
20260702_182649.jpg,800.4245372375008,0.06597900390625,146.23419189453125,45.78996484465669,7.343269365255938,0.0002593994140625,1818.765176091237,3381.1912448592952,1.7856004901960785,0.644860418407003,0.120346662671496,0.9728994756909648,0.022430419921875,0.010833740234375,0.561187744140625,screen
20260702_182650.jpg,3030.896514884196,0.1264190673828125,138.74903869628906,53.934501971568345,7.518821999813979,0.001007080078125,3128.93319986296,2313.821118179171,4.334512867647059,0.521295561739967,0.098315485627201,0.9523150084344892,0.0091552734375,0.0036468505859375,0.6329803466796875,screen
20260702_182652.jpg,10579.169329281896,0.238555908203125,148.00247192382812,55.07463608181074,7.620121219755077,0.00653076171875,5644.047629721391,1516.250192743841,18.073789828431373,0.3985217961514736,0.0763838600801221,0.8081912328768485,0.004364013671875,0.002349853515625,0.6300506591796875,screen
20260702_182653.jpg,2648.2685766778886,0.263519287109375,134.5216522216797,55.01715309738466,7.757777231823568,0.008941650390625,3235.4829542731936,2151.451786364169,6.75375306372549,0.4036550799922621,0.0691171055405057,0.928501278416282,0.0108642578125,0.0049285888671875,0.57470703125,screen
20260702_182654.jpg,1151.4646451470908,0.15838623046875,114.94410705566406,60.60080842138538,7.809407290612582,0.00311279296875,2227.857554597754,2203.247309719532,3.411458333333333,0.5658559047647076,0.0904105677661565,0.9702148446069644,0.0197296142578125,0.0128326416015625,0.5345916748046875,screen
20260702_182655.jpg,578.5953509798273,0.0919189453125,130.17401123046875,46.72120727624109,7.502668675032771,0.000457763671875,1595.8515376933894,3232.831154615878,1.7847886029411766,0.660823423761397,0.1133910481267969,0.9738685614443692,0.0343170166015625,0.026092529296875,0.476318359375,screen
20260702_182656.jpg,861.6766197660472,0.1068572998046875,124.28732299804688,55.76357849185658,7.640839806460575,0.00042724609375,1884.134252954295,3058.33335772302,2.061841299019608,0.6307285223367145,0.1047957430826686,0.9788167583631948,0.023895263671875,0.0152435302734375,0.5464324951171875,screen
20260702_182657(0).jpg,1480.1095689942597,0.0835723876953125,105.3706512451172,59.31804725239285,7.606392904558155,0.0321197509765625,2327.62030189504,1901.4177469050255,2.9662683823529417,0.5578642476579128,0.1023283419374095,0.9730825463546402,0.021026611328125,0.0084991455078125,0.5828094482421875,screen
20260702_182657.jpg,2172.2722690068185,0.2326507568359375,124.9699249267578,62.69483836001966,7.749162569508422,0.001129150390625,3193.684294339625,1796.7677631369904,5.752634803921568,0.4891637463710747,0.0813825861100149,0.953165781671567,0.0176544189453125,0.0088653564453125,0.537872314453125,screen
20260702_182658.jpg,900.0820762028452,0.1185760498046875,127.50633239746094,58.49409251220608,7.758016439339478,0.003631591796875,2084.590904308662,2289.62233498855,3.3644607843137253,0.608666374888398,0.09558853786108,0.9685246938716308,0.0375823974609375,0.0215606689453125,0.4557952880859375,screen
20260702_182659.jpg,593.0534282466397,0.10675048828125,119.37307739257812,67.84396639278714,7.749802004083332,0.0076751708984375,1698.655780064336,2435.8007165525705,2.9035232843137253,0.6347344189530015,0.1118087498056805,0.9798560295382972,0.03765869140625,0.0235443115234375,0.427978515625,screen
20260702_182700.jpg,1170.5566991558298,0.10406494140625,138.46063232421875,60.04105402309058,7.594881159321434,0.0008697509765625,2403.650823865107,2531.2011566007704,3.702925857843137,0.6067087342103239,0.1105613258161063,0.9670626091486318,0.0196380615234375,0.010162353515625,0.5733184814453125,screen
20260702_182701.jpg,902.038405529922,0.122100830078125,117.1192626953125,64.03117896716515,7.626489140826393,0.00067138671875,2065.3015171782818,2309.3242180582683,2.567233455882353,0.5937108656480995,0.1049213142011584,0.9799794691062842,0.0279388427734375,0.011444091796875,0.5433502197265625,screen
20260702_182702.jpg,1176.353418461047,0.14886474609375,123.00198364257812,60.86066416695192,7.796257754036831,0.0031890869140625,2329.6375166509915,2247.6642401194845,3.3165594362745097,0.5778955578520413,0.0910607559352883,0.9713128154665192,0.023040771484375,0.013671875,0.552642822265625,screen
20260702_182703.jpg,3698.649533446878,0.2407684326171875,117.76255798339844,61.17859759176887,7.8100131177714385,0.013885498046875,4370.3362860966745,1234.969306558255,11.725781250000004,0.4199040149054125,0.0692356579557846,0.8998455737662009,0.0131072998046875,0.00946044921875,0.5372772216796875,screen
20260702_182704.jpg,900.9996698179748,0.11517333984375,126.9649658203125,62.44944776396523,7.705708036024886,0.0018463134765625,1959.8153888907843,2759.096289338341,2.573406862745098,0.6108308708976227,0.1005679669814029,0.9788537489469036,0.0254669189453125,0.0164642333984375,0.527740478515625,screen
20260702_182705.jpg,446.01638828217983,0.0067901611328125,116.34317016601562,40.436544954173655,7.160342720832792,0.0053558349609375,1314.3066936881244,3603.563059388091,1.0560508578431371,0.7303572282558832,0.1505004801333263,0.9793467102306532,0.013580322265625,0.0092620849609375,0.646942138671875,screen
20260702_182706.jpg,883.874781682156,0.0094757080078125,116.79588317871094,62.386877427205896,7.631635850491827,0.0003509521484375,1680.4518747062957,3281.2422209109723,1.620266544117647,0.6293191585523548,0.1078619798053026,0.9867189011205416,0.0105438232421875,0.008056640625,0.6289520263671875,screen
20260702_182707.jpg,634.1567697487772,0.02001953125,129.07736206054688,57.31805529769511,7.626390825911461,0.0075836181640625,1508.0161587607176,3684.546848192202,1.2097579656862745,0.6676937794551978,0.1147156621881879,0.9882596456274844,0.0160369873046875,0.01226806640625,0.6008148193359375,screen
20260702_182709.jpg,663.346439605346,0.06646728515625,116.2357940673828,69.57676631638957,7.717052265621402,0.0049896240234375,1818.866813619336,2430.555074519133,1.9689491421568623,0.6814968929477758,0.116371547097853,0.9869913042445464,0.0271759033203125,0.0128326416015625,0.5419921875,screen
20260702_182710.jpg,1561.580327158561,0.139007568359375,112.66505432128906,71.66255102203023,7.591612401586955,0.0099945068359375,2752.1418202933232,1683.1328142870902,4.309237132352941,0.5440164620120269,0.1104083583151878,0.9732033291801142,0.0217742919921875,0.0082550048828125,0.5615692138671875,screen
20260702_182711.jpg,2952.419139681151,0.22216796875,116.519775390625,65.5223858699913,7.853202390865829,0.005096435546875,3846.2128962500815,1409.6891407705932,8.574525122549021,0.4414862916629382,0.0702599757028309,0.936140439479242,0.0094146728515625,0.00714111328125,0.55499267578125,screen
20260702_182712.jpg,1397.2921875566244,0.15521240234375,110.52394104003906,64.09830845123,7.798509438411479,0.0054168701171875,2726.666633101124,1751.9192240943576,4.346155024509805,0.5558954705585573,0.0909183239408861,0.9662225543952988,0.0160369873046875,0.009918212890625,0.530609130859375,screen
20260702_182713.jpg,1044.9299679314718,0.1347503662109375,111.2778778076172,60.27904276725643,7.813640583328284,0.0138397216796875,2329.635704762788,2038.866881189767,3.1263786764705888,0.5985730711917824,0.0924378359017618,0.9725191698648528,0.0196380615234375,0.01312255859375,0.5343170166015625,screen
20260702_182714.jpg,1607.5966247282922,0.1118316650390625,135.60252380371094,61.3920503250846,7.710947369178046,0.001922607421875,2660.9074918910555,2004.0859538075504,4.227604166666667,0.5330340880931175,0.0934080720536723,0.9640677749243856,0.025604248046875,0.01361083984375,0.544464111328125,screen
20260702_182715.jpg,935.6616668307688,0.1044464111328125,146.00692749023438,43.22535927193218,7.39481238022481,0.0014801025390625,1839.5652849884905,3727.898311992044,2.6310814950980395,0.5753050768119019,0.1067086060780555,0.95500522252243,0.0215911865234375,0.0119171142578125,0.5513458251953125,screen
20260702_182716.jpg,1858.1352299747523,0.138275146484375,112.8651123046875,73.13767601728978,7.700019211563295,0.013275146484375,3090.417822309347,1411.4425627494102,7.044883578431373,0.5446663823887159,0.1009339009697103,0.9579364362609528,0.027801513671875,0.01397705078125,0.5146026611328125,screen
20260702_182717(0).jpg,1402.1510562521871,0.158782958984375,119.30429077148438,73.38621420571238,7.565614062243305,0.008392333984375,2763.219219579273,1731.05760606058,5.617095588235294,0.5560668112905649,0.1160705588601932,0.9666713138322508,0.020843505859375,0.01361083984375,0.497467041015625,screen
20260702_182717.jpg,750.999236728996,0.0613250732421875,133.48545837402344,60.328696131038605,7.618404838293808,0.0012054443359375,1681.1323102954116,3410.968075800419,1.955759803921569,0.6206274395027793,0.1068173093183995,0.9827726435815746,0.0184173583984375,0.0123443603515625,0.5703125,screen
20260702_182727.jpg,7637.57313901349,0.1729278564453125,145.97891235351562,54.92276360313004,7.578877726005958,0.00244140625,5111.095879180141,1424.2739185879852,15.34826899509804,0.45115613153957,0.0859166644139273,0.8373575568150753,0.015838623046875,0.008392333984375,0.6008758544921875,screen
20260702_182731.jpg,4820.406260993332,0.071136474609375,113.657470703125,75.16239487515205,7.753301573320102,0.0002899169921875,3992.0889707905776,1491.919409954987,9.146798406862748,0.6887138379786522,0.1152622259289136,0.9483240721389892,0.0076446533203125,0.0049285888671875,0.6575927734375,screen
20260702_182800.jpg,5488.909093109658,0.1446533203125,131.1539764404297,68.49958848189097,7.595660516784889,0.0008087158203125,4168.301869868626,1582.2924763181013,11.091268382352942,0.5052999375531589,0.0990365732389662,0.9244985319339062,0.0072784423828125,0.00347900390625,0.6959228515625,screen
20260702_182909.jpg,2282.715433396166,0.2161407470703125,116.94247436523438,68.28723103010091,7.713014984654976,0.00494384765625,3570.028014131244,1378.6136950570794,7.226868872549021,0.5154376807397486,0.0955011722163317,0.9505159352906662,0.022369384765625,0.0134124755859375,0.50592041015625,screen
20260702_182912.jpg,1152.2434229475912,0.0626373291015625,115.46522521972656,67.97488576250493,7.739921509553099,0.003326416015625,2188.230772096816,2103.9313328478474,4.775505514705882,0.6385528418996426,0.10692029193703,0.9668554171507112,0.0177001953125,0.0091552734375,0.6085357666015625,screen
20260702_182916.jpg,3801.66586786136,0.0762786865234375,104.11004638671876,70.94706862879771,7.607028300208807,0.007049560546875,3970.4111003992,1210.5471620500134,8.344209558823529,0.550661801856737,0.115183351248917,0.9471322531690068,0.0104827880859375,0.0046844482421875,0.61932373046875,screen
20260702_182920.jpg,2410.238327411702,0.1353912353515625,119.93132019042967,75.83245570586257,7.557456361934599,4.57763671875e-05,3128.5838514644684,1817.6421241852877,5.267861519607844,0.6484170529544505,0.1431410656549056,0.9707093454664516,0.0266876220703125,0.015045166015625,0.545806884765625,screen
20260702_182924.jpg,7964.452191738179,0.17779541015625,134.0596466064453,63.2092252446386,7.764738668038091,0.0027313232421875,5033.196403727384,1408.0888743130574,13.32795649509804,0.451256768090384,0.0749417706787732,0.8934747058469104,0.008453369140625,0.006134033203125,0.626129150390625,screen
20260702_182927.jpg,7093.125315672718,0.1695709228515625,128.97984313964844,72.32672378830665,7.801297567313381,0.0091400146484375,4648.591234969175,1372.188919210378,12.57797181372549,0.4260368026072555,0.0792326607251587,0.9230881220742356,0.01129150390625,0.007080078125,0.626434326171875,screen
20260702_182932.jpg,5598.892619237071,0.197601318359375,134.0194091796875,53.14670244202812,7.652439035745636,0.0008392333984375,3751.170549501972,1720.045714452814,11.33949142156863,0.4354913204128572,0.0741177229490583,0.8718377960027812,0.015960693359375,0.00836181640625,0.6700439453125,screen
20260702_182935.jpg,3844.124632295221,0.1664886474609375,111.77713012695312,69.50446165433937,7.691329959635241,0.0025634765625,3970.621082690172,1342.4600446447855,8.261397058823531,0.5778620890621002,0.1075987714496934,0.9453726697407766,0.0176544189453125,0.0101470947265625,0.53021240234375,screen
20260702_182938.jpg,1518.9540248771664,0.12078857421875,133.25833129882812,58.40979880745315,7.601266195768963,0.0008392333984375,2515.28675942367,2215.2090831122987,4.649325980392157,0.5831621841692632,0.103775709549609,0.9564846832772028,0.0193023681640625,0.0130615234375,0.49053955078125,screen
20260702_182942.jpg,2515.013633740833,0.093597412109375,128.90728759765625,79.21189745920866,7.561823649518232,0.0086517333984375,3170.555771429031,1821.392265507485,6.796553308823532,0.655980342557095,0.1326926249045822,0.9654374285213794,0.0235748291015625,0.0132293701171875,0.559234619140625,screen
