image,label,laplacian_variance,edge_density,brightness,contrast,entropy,glare_percentage,fft_high,fft_low,lbp_0,lbp_1,lbp_2,lbp_3,lbp_4,lbp_5,lbp_6,lbp_7,lbp_8,lbp_9,lbp_10,lbp_11,lbp_12,lbp_13,lbp_14,lbp_15,lbp_16,lbp_17,lbp_18,lbp_19,lbp_20,lbp_21,lbp_22,lbp_23,lbp_24,lbp_25
20260702_143030.jpg,real,146.03372304465893,0.019871059903056994,120.8173122980354,60.57666878062113,7.62961294951137,0.00013527606594412195,10846.249284857,142302.7868014179,0.07451041458148645,0.029266099974262917,0.028643226858074293,0.02180659119505848,0.014407403700420372,0.010253166197203237,0.008212519481540793,0.007667058680545626,0.007634887328776917,0.008389908740598816,0.010104261989190426,0.013659084653550287,0.015777590508736308,0.013027386756841773,0.009720439889616517,0.008284569904772799,0.00754384687151477,0.007786472482770454,0.008610528253596043,0.011112521090108381,0.015915324108496096,0.024712513226000172,0.031086238883010667,0.027976676663616345,0.08340523481512196,0.5004860331650891
20260702_143045.jpg,real,255.4619093419948,0.03226652535102519,121.7044556428551,42.853251439967394,7.288308179171897,0.001505127756012468,14407.41795500813,147360.82741920854,0.07697386881952586,0.029411876411964882,0.02962467649918499,0.022618917827218393,0.014515646894392177,0.00989313749320827,0.007728943850267379,0.007119028639652264,0.006812060324859161,0.007334286260688038,0.008619464740198462,0.011745336047642198,0.014602777638765763,0.012556992443306929,0.009298190897652206,0.007949563363264606,0.007290944300666304,0.007667170386628157,0.008449559788669965,0.01093144553032686,0.015935989733764193,0.02518514166118562,0.031834669635963285,0.028389095520317997,0.0826381491463868,0.5048730661442993
20260702_143057.jpg,real,158.81205248568577,0.018190665303554576,123.90588985958992,44.356636830799836,7.361238556839786,0.00012745664016700507,10672.618761193657,129619.57615279751,0.06172766414538591,0.02941020082072693,0.02467967163773628,0.017421122101003748,0.012174734228888444,0.009956474842002917,0.008850808037118591,0.009162579713460494,0.009809357931310589,0.011516561990620264,0.014849648081157596,0.02150073994109068,0.025997468293345535,0.02251000439675141,0.015182867325345305,0.011627821248820384,0.009743674754782808,0.009347118161800451,0.009497586254968687,0.011215960922531385,0.014465602569418628,0.021153892554834283,0.02775639226886671,0.028350668627927594,0.06940321248820384,0.4926881666619005
20260702_143103.jpg,real,97.5333343206619,0.017357784752209098,150.07172133711288,56.38276734145271,6.84530902463832,0.0022391484243186825,8567.49602120133,147552.22633606338,0.0692626862363808,0.028690590237067118,0.026795496546941577,0.02053805692184506,0.014232360269095485,0.010650616438845835,0.008699781413537704,0.008313725192313192,0.00840543588607052,0.009153308108610484,0.01129683612628328,0.016633929337413138,0.02133306911121279,0.01619950438245303,0.011341295147130316,0.00944843557865538,0.008365891932854815,0.008538477830364037,0.008909006906116847,0.011427979067173782,0.015910967571277416,0.024589859947381967,0.03036115470130687,0.027189707312190798,0.0803272854170837,0.4933845423803941
20260702_143113.jpg,real,2618.2895490647825,0.1510234958105751,100.34213015009723,77.10496353438604,7.549247973069493,0.09058000478995681,39108.143987019495,164266.8031956281,0.07920854900054333,0.0395260802425005,0.026182565272098144,0.01669447403414453,0.010456918091738397,0.007383213524836283,0.005392499428064857,0.004756891818467786,0.00442054480396923,0.004645185735937545,0.005172773563727873,0.006599483649804112,0.007527202665217764,0.006848253095598959,0.005196902077554405,0.004776775501158168,0.004325929752066116,0.004708969909062313,0.005090222768738025,0.006841997554977265,0.009768138386856931,0.01649742450456118,0.02687246203780491,0.03865454938659956,0.09945505304698447,0.5529969401469873
20260702_143119.jpg,real,211.04354524201216,0.04987095713346106,115.37522307704681,57.14874738967654,7.508113125501608,5.8980811575967286e-05,12945.984880329175,188382.9170181595,0.06568898524407332,0.023713414023849695,0.02624590262089279,0.02366571552660928,0.01885051313306071,0.015065911056936143,0.012667246346764277,0.012188474077039664,0.012277838943063857,0.013394341237953616,0.016103660563642083,0.021773079370299406,0.02562034855872344,0.02045829877891847,0.01492516139294804,0.01245064825273814,0.011188481226228945,0.011285218693700135,0.011985839243329806,0.01473559617089422,0.019556272162486774,0.026335826017329634,0.0292811802954045,0.023420967499785523,0.07601163262461037,0.4411094469387172
20260702_143125.jpg,real,155.032151082776,0.027020360891074954,112.96074972207526,56.394791091159156,7.644065342556378,0.02484611370070634,11171.764947299314,161445.77564788717,0.06229736516629014,0.023311048714575767,0.024742785574365867,0.020964774157110583,0.015878461101261118,0.012915568968229003,0.011634300201607137,0.011878824816265836,0.012767893527124024,0.014750006255540621,0.01815436082673225,0.024316180045182875,0.028572293495667592,0.024265800601961738,0.017926815536618148,0.014623108145786268,0.012294259737195803,0.011804428565300696,0.011531865723926907,0.013327317588435472,0.017109350424661843,0.023432584932368668,0.027062362378106324,0.022902651276845206,0.07644036056936143,0.4450952316694787
20260702_143135.jpg,real,106.53774291588775,0.012433557222111013,150.1959666508193,42.21317132736333,6.986670729626067,0.0034663514469959107,8862.553166799418,117230.18002897658,0.07303310164002402,0.03389676391947153,0.02647836297863822,0.01706086998484372,0.010983277152620893,0.008024518144642398,0.006396737110011725,0.005962312155051617,0.005638364515713918,0.005925002323486517,0.0070438504461094115,0.010504058058566159,0.013072851132431583,0.010787791508192972,0.007165610076067374,0.00611188659955961,0.005601836626726529,0.006113338778632503,0.006660251758700563,0.008846451499899911,0.01273348805370471,0.021370937473190542,0.03062913759329692,0.032724631995481715,0.08541359847293317,0.5418209700020018
20260702_143150.jpg,real,102.73914685833594,0.007560155959564186,157.85184455785839,39.00419335678185,6.957838706611008,0.0003990141267980211,8867.607263254497,83589.9375788813,0.08413880865909806,0.033857331672338356,0.030102555120249362,0.01974025208041408,0.011157203523120478,0.00694577250564786,0.004888034759358288,0.004246953551717236,0.0038315186307872687,0.003925463446195201,0.004550905802282021,0.006426339221882239,0.008789146279561897,0.007072447203237153,0.00490702479338843,0.004408145428808373,0.004222154801395522,0.004811292680660013,0.005668971982327204,0.008124718500672024,0.013255937401698647,0.024008429787812063,0.033267635262661216,0.031496758736309305,0.09462745127827504,0.5415287468901027
20260702_143202.jpg,real,66.9368729920597,0.011043486731104692,108.7396112226186,67.47724767212173,7.3526352969964845,0.00029266993622923163,7450.531741315342,130207.29559406823,0.06866014362721268,0.027930542051531355,0.02551299901341188,0.02068025876490606,0.014862941104978695,0.0113899989991135,0.009323213060138981,0.008900070419514428,0.008810705553490235,0.009428328483799937,0.011066274771940861,0.014577420358031399,0.017106557772598587,0.014565020982870543,0.011013437794904058,0.009584716999342274,0.00890174601075238,0.009319973583745603,0.00983259279647688,0.012380496832909147,0.017142080306843204,0.02542084149532443,0.03060266325173725,0.026290026523492237,0.08504630887357374,0.4916506405673597
20260702_143214.jpg,real,156.15854979458453,0.02179318646515485,103.74106060903944,66.20971529946715,7.52957373379853,0.0038434711816180047,11227.532554474106,127931.77590712057,0.07675838778632503,0.03020789395607538,0.0291378613915182,0.02252139841716949,0.014922592153049844,0.010331695573221996,0.007886561132717549,0.007009109854442506,0.006435387414567188,0.006520284037290171,0.007049212338070863,0.008974466670479568,0.010663350932254283,0.009330585661585976,0.007206717914438503,0.006810496439703738,0.006588201335468558,0.007415161464439933,0.00848888032972061,0.011395807715405073,0.016735023342103004,0.026191725170865623,0.03262733599759787,0.02871460704481112,0.08932699766221511,0.5107502582644629
20260702_143240.jpg,real,289.700420706611,0.05651568174668992,107.9801125193028,58.8973711367861,7.4811152491724116,0.011200433777059681,14540.25196676082,216507.53895477424,0.06792958584746489,0.026173405373330665,0.026529636070519603,0.021934829777803196,0.017063104106494323,0.013955999420915669,0.011944731404958678,0.011242882088421172,0.011096547120306556,0.011989190425805714,0.014431979038577025,0.020844243294060455,0.025182795833452485,0.019893959649975694,0.01237245399496697,0.01005041965741085,0.008672413423317796,0.008751724741914267,0.009134876604992993,0.011316496396808602,0.015331548121193056,0.02343280834453373,0.02973012704109354,0.027460929680574224,0.08024842092281735,0.4632848916182905
20260702_143248.jpg,real,99.12265629111084,0.014303628749749778,112.18728440726072,60.43983159928217,7.469066809267698,8.936486602419285e-07,8874.150357391078,122103.5306658094,0.07474566759129515,0.029111722168206126,0.02762658980096657,0.020988232434441933,0.01389154501129572,0.009854934012982928,0.007862320912808488,0.007302114908919329,0.007168737846378221,0.007808701993193972,0.009516576288998827,0.01317361001887386,0.016883704137950758,0.01360904032857674,0.009778415346449713,0.008094669564471389,0.007204818911035488,0.007544405401927422,0.008200455224627527,0.010652068617918727,0.01529557876261832,0.024445088864422773,0.03098235222625754,0.02812636281420687,0.08519018630787269,0.5049421005033029
20260702_143312.jpg,real,132.2258634432557,0.007273518151791587,130.8240262804198,33.0749894381794,6.661581192600206,0.00031400579799250764,10154.782955545938,103944.42890523597,0.08748127806056794,0.03400098569447225,0.031223972482770455,0.02032894313534845,0.011103026073093311,0.0066464002044668135,0.004690650111527353,0.0038521842560553634,0.00341049840573079,0.0033864815979867883,0.0037573457919871885,0.005279676284709314,0.007020838993108181,0.005540174869169836,0.003910159712888559,0.0038116349480968857,0.0037100941190768965,0.004338775951557093,0.00531966706225514,0.007683591180760102,0.012681433019245618,0.02315912844233464,0.0331201832337213,0.032523114222597155,0.09460388129486116,0.5474158808516114
20260702_143408.jpg,real,416.73636982448016,0.04612020200034316,136.19251861916985,67.3688113272133,7.339424128018596,0.00024139684434785095,17089.624055568227,174460.79112777143,0.054550213224570335,0.0281397675441105,0.021256773856844633,0.015044016664760216,0.011071413251737253,0.009159787061397237,0.008103047520661157,0.008664705703623208,0.009566173789642255,0.011170831665189167,0.013905173153364408,0.01886503492378964,0.021427349044868312,0.020113015277817496,0.014932869112642626,0.013144789849581057,0.011252265399353712,0.011564707312190798,0.010812478552432154,0.012731365638136635,0.016192355193171096,0.02270035156138294,0.02997453994966971,0.027828554398181247,0.08451358256598701,0.4933148377848952
20260702_143414.jpg,real,586.7246960661494,0.06992689060310561,113.66111446477595,63.3707329303037,7.596727904197236,0.0631165058694844,21123.764173167783,271001.4397922573,0.04856500132260002,0.02567050458977952,0.019895300122966055,0.01541141797020218,0.012569726936715377,0.0112695798421459,0.010385202786753983,0.011189151462724128,0.012505049114930366,0.015170021125854328,0.020440649217878692,0.03471623974091338,0.05211122261860505,0.032719270103520263,0.0184740636349338,0.013622556764562898,0.010646706725957276,0.010214739304812833,0.009352368347679373,0.010428209628528124,0.01245980815150562,0.017161740577368526,0.02429506759558466,0.028276160670879923,0.08118675201607138,0.44126348962652634
20260702_143426.jpg,real,821.9510782591027,0.10171553733306643,128.9789437385613,56.26544886918754,7.5147125943425825,3.328841259401184e-05,24571.078256492237,195568.16930327297,0.0628239476393377,0.030585013690697476,0.024491000064342704,0.0167375925820012,0.011565265842603449,0.008973349609654265,0.007567751973176242,0.007496036668191827,0.007750168005948126,0.008794619877605879,0.010832362235122538,0.01632517372529955,0.021434721646315307,0.016711900183019247,0.010650169614515714,0.009492112656924704,0.007901529747776602,0.008897836297863821,0.008518929265921245,0.01038397401984615,0.013925056836054791,0.02023600367468329,0.03016187105007292,0.03279053858417456,0.09240997383396723,0.5025431006748835
20260702_143431.jpg,real,281.6039531744941,0.05171991621150161,119.84786379990135,53.04268830073318,7.551414278202095,0.00012667469758929336,14718.8856916988,162672.83919249615,0.053781898788927335,0.025846218257599588,0.022165726250393206,0.018278577990505876,0.01505004879321685,0.013221531928279334,0.011864749849867025,0.012227236087677658,0.013114852619462953,0.014946385548628786,0.018588115545197174,0.025534893405587806,0.029918575202322058,0.02545368308358832,0.01848489912493923,0.015038989891046356,0.012926404458234435,0.012671938002230546,0.012263205446252395,0.014087812598301353,0.01670910753095599,0.021626967814349852,0.026577669686007607,0.02564805166719094,0.06933373130487003,0.4546387291243673
20260702_143518.jpg,real,47.67871028755928,0.056889897123166236,114.30313389180417,38.34618568870229,7.293561706477365,3.161282135605822e-05,4642.312833418731,199048.94607555182,0.03142113371843633,0.010307790471560526,0.015733690018301924,0.02066260920386628,0.023815289971117277,0.02500786410821013,0.02425239587205811,0.025794163223140498,0.028062578641082102,0.033276906867511225,0.04394003438760045,0.06607906288426893,0.086626391410964,0.06864830278246446,0.04652301413394721,0.03535921995195745,0.02938272112442449,0.027331015506591554,0.02609286528782636,0.026477692742143042,0.025705021769281362,0.022424325831450712,0.01633734968829535,0.009269482434441935,0.03647427006777432,0.19499480790128398
20260702_143530.jpg,real,945.328444133423,0.08714850564071035,120.04630697457033,63.694180689563005,7.610756607700016,0.0007616120706911836,27137.539641593925,279542.9659578966,0.05499659073036118,0.02916936250679173,0.02253781921130144,0.015832103077011068,0.011387653171380366,0.009157329527581573,0.007931355271812176,0.00823810017444022,0.008661354521147302,0.009826113843690126,0.012012760409219595,0.019330290757528096,0.029144898874717606,0.02078637954330979,0.012074645578941348,0.011267122308330236,0.008995244001830192,0.010882629972261146,0.009636548621636307,0.011446857395121393,0.01481379042866539,0.020775879171551947,0.030151258972232548,0.031603773163373275,0.10139974423775344,0.4779403945280105
20260702_143639.jpg,real,196.41115746640608,0.03244949991420973,107.28896073575882,55.21602298078201,7.659925650262994,0.0015148461851925991,12043.810497702349,162350.71042739795,0.043596538183819956,0.02128280137407418,0.019330290757528096,0.016286188302496497,0.014232136856930424,0.013473764262632618,0.01321974463095885,0.014640534294660985,0.01662175337441734,0.020009575445394494,0.02618613986673911,0.03789774067745717,0.046708781349195004,0.03863824029855015,0.02539816516057079,0.02024069533014956,0.016378904350996596,0.015788872823071863,0.014193039728044839,0.014694264920358031,0.01568062962910006,0.018751876662186508,0.0223031247319054,0.021582397087420286,0.0779805640352884,0.3948832358660528
20260702_143701.jpg,real,1000.640728216413,0.10274099917069404,116.72178628302926,65.17294510578616,7.760465800459573,0.0005774087405988161,27465.91577791975,260862.8395720915,0.06053497830221053,0.03070375725642712,0.024163701242529097,0.01689029479682004,0.01178365123395007,0.009509203687551832,0.008155772791615432,0.008203694701020904,0.008469555177442878,0.009598680259658555,0.012056102369241328,0.01950287665503732,0.02763429752066116,0.020163171308873573,0.01191334199576768,0.010163354506848923,0.008202465934113072,0.008758985637278732,0.008273399296519775,0.009807458927907575,0.012327213031542224,0.01838626265406503,0.027388320726929566,0.0318328823386428,0.08781706654465384,0.49775951110269095
20260702_143741.jpg,real,301.85726160252943,0.03601437612599731,124.02079006584404,52.22137267094492,7.305454431775724,0.0016484466598987674,15090.829510267733,132293.268860407,0.05812033962223684,0.030257156338471217,0.02232513083016386,0.016493291379507564,0.012267561983471075,0.010039919285653008,0.008485082322914582,0.008440623302067546,0.00853925977294175,0.009162468007377963,0.010622019681718093,0.014258722904572621,0.01823367214532872,0.014673599295089938,0.010938259601361206,0.0096801139938231,0.008912693206840345,0.009501160849609655,0.009548524228602476,0.011376482563127342,0.014594958212988647,0.021477951900254512,0.030554406224084188,0.03042080574937802,0.08982922820927107,0.5112465683891446
20260702_143748.jpg,real,386.0707571037978,0.04417115427235552,130.49248262747005,61.38464270358808,7.498339194310741,0.0019324035216906402,17036.182369997736,183126.819948434,0.05812223862563985,0.03156746868655094,0.021664501058080012,0.014151708477508651,0.009496916018473505,0.007504079506134005,0.006187399911350053,0.006398300995167148,0.006814741270839887,0.00803501851640024,0.010633190289971117,0.018128891839915354,0.027483047484915212,0.019198142461894822,0.011582580285395636,0.008967540893362692,0.007530777259858732,0.0076872774814836,0.007367016142869398,0.00921642204524007,0.012570062054962966,0.019849388923046128,0.03056859289656553,0.03260756402099002,0.09075605357602448,0.5159110792773599
20260702_143757.jpg,real,533.6889389905489,0.07145715222768738,117.09339745560354,58.972499981123256,7.490452667358948,0.0009316287283022105,20480.524244600314,183229.18529115056,0.05896897073121908,0.02773226375504018,0.022689292659212445,0.017610463910892504,0.013700862728416597,0.011336603491664045,0.009678885226915268,0.009479601575681318,0.009444302453601762,0.010192956618719438,0.011641561096971604,0.016490945551774428,0.021537044417913008,0.01760409666418828,0.01166803543853127,0.010818063856558667,0.009416264226886671,0.010542484950956561,0.010107278053418742,0.012013542351797307,0.015307084489118933,0.02143550358889302,0.029769335876061655,0.030317924447367667,0.0928845012725557,0.48761213056564384
20260702_143807.jpg,real,120.7339800725662,0.013153391217935887,118.85347356765993,57.4726042741043,7.561154500290339,0.00025938152363521975,9234.135377492787,117655.15329472425,0.043055545626126,0.02183831572249707,0.01796501901684349,0.015251343153936343,0.013543022033801366,0.01334485544339272,0.013435113958077154,0.015423035402785324,0.017713233506820327,0.020974939410620834,0.025725128864136807,0.032800592131602274,0.035232656960450685,0.03234985808859275,0.024723348716005605,0.02025510541479596,0.017083322907432297,0.015492628292201664,0.014164666383082159,0.014360822264005263,0.0153612619391461,0.018977299536732533,0.02396922095284395,0.02236690890503017,0.07651676752981212,0.41807598783922906
20260702_143821.jpg,real,2453.116145774942,0.2110933299851297,115.30158698597329,59.82249980099111,7.7995742864755,0.01801696234522005,43412.579868901536,288456.96176706837,0.066967684770797,0.028800844140524466,0.027591737503217136,0.02156564117504075,0.016413980060911094,0.013048164088192399,0.011054322221110127,0.01046317363236009,0.01037090440819011,0.011271590551631445,0.0134984513068718,0.018689768080299693,0.022923652020360893,0.01801606869655981,0.012689699269352855,0.01044005047327633,0.009198325659870171,0.009032777245560354,0.009298637721982327,0.010693846692785038,0.013498674719036862,0.020006000850753526,0.028489742700677743,0.031621087606165464,0.07367820426663617,0.4806769701378364
20260702_143842.jpg,real,559.9361187790272,0.06636838163802225,116.13560068381996,49.29409799929981,7.452925104508595,0.0012638426177471475,20702.16239017628,152409.27821093952,0.05943735433526838,0.027530522569990563,0.0236543215061912,0.018646426120277962,0.013958903779061454,0.011210487324487404,0.009446536575252367,0.009250604106494323,0.009293052417855815,0.009931117561268552,0.011233051953158511,0.014867856172610026,0.0190820798421459,0.01637923946924419,0.011573978917040808,0.011311581329177272,0.00951356022477051,0.011184124689010266,0.01045881709514141,0.01256224262918585,0.015665437601875946,0.02173621636306443,0.02851588192398982,0.028477790149847006,0.1101156113271755,0.47496320401641456
20260702_143856.jpg,real,214.27378959573213,0.0176503429823558,161.6301939977194,46.17359062740304,5.6704763990977405,1.0053547427721697e-06,12151.791231798012,188842.88229305658,0.07894034269638824,0.04238575595527467,0.024858289663702137,0.01200996775715634,0.00609367850810718,0.0036952372101003747,0.0027175855757957047,0.0023928559938802938,0.002312762732706111,0.0023934145242929454,0.0026985955417655636,0.005562627791758415,0.013712480160999742,0.0057877155480568505,0.0025210945766250105,0.0022308821742114443,0.00196937823500815,0.002383249270782693,0.00274316626869513,0.0040998366410249076,0.00702452529383168,0.016191908368840973,0.030696608067145185,0.04073529858589036,0.0953956540078355,0.5884470888501244
20260702_143914.jpg,real,484.9545255610231,0.10456035613686408,104.93681915142697,53.77282964353301,7.601733430684666,0.0005781906831765277,19661.92613328622,250115.30137192135,0.05413310271240241,0.027062138965941264,0.026506289499270783,0.02246878485229775,0.017639842610597957,0.014435218514970403,0.012425290972003775,0.012245555885212617,0.012726338864422775,0.014263637972203952,0.01750121536217793,0.025267357337927877,0.034244951778718294,0.026303431253395865,0.01799819572335497,0.014900362642626326,0.013201201421258829,0.012768675469701736,0.012783755790843319,0.014581218364837428,0.017829407832651776,0.02399480164574337,0.028559335590094083,0.02612123863278904,0.0631172878120621,0.43692136249249336
20260702_143934.jpg,real,1088.29434216284,0.10380220695473133,128.29643767068688,61.692657059606844,7.332659329559161,0.00019917194515141982,28692.332332099904,187234.20382713873,0.05658795558208699,0.026442281913980955,0.022647961408676257,0.0174637938245303,0.012598211987760588,0.009631633554004976,0.007602715977008207,0.007560491077811776,0.007556693071005748,0.00812806968314793,0.008699446295290115,0.01080086111984901,0.012620218086019045,0.013278166912122165,0.0086229276287569,0.010967973419314249,0.008397616460293402,0.012864407582430152,0.01072210833166519,0.013429863772198233,0.01791810246218079,0.024143482441591122,0.03294279397466327,0.0305359747204667,0.1510014897123166,0.4568347590008293
20260702_144026.jpg,real,204.2837123301769,0.036573465069061166,122.8562238831179,51.24546822472855,7.498585729912012,0.002016071377505791,11046.528149678123,171074.9216678554,0.06322541929995139,0.0261336380079499,0.02527249581772427,0.019932051424118503,0.014432425862907146,0.011409100739226172,0.009973789284795104,0.010244788241013469,0.010925413401870228,0.012695061161314306,0.016249883825674168,0.02499345402356373,0.0346623974091338,0.026383189396322455,0.01660287504646973,0.012987284273213417,0.010803318653664674,0.010233841044925505,0.01019463220995739,0.011943502638050845,0.015444706382796191,0.022478838399725472,0.027586934141668334,0.02581438202407847,0.07154450638422603,0.4578320709056593
20260702_144040.jpg,real,162.66693992994217,0.023026756734536302,128.5002525674526,47.88075590333954,7.491572755714991,0.0014235823157653922,11289.221463616588,139892.89976019703,0.07585602605164575,0.030242522841659757,0.02868288251737253,0.02073722886699648,0.013009513783636935,0.009024622701535645,0.0071375718493522835,0.006738110898224141,0.006704375661300009,0.007262459249621093,0.00872502698818954,0.012166021154451085,0.01604680216763419,0.012390326968171808,0.008793614522863107,0.0073930436600989444,0.006702923482227115,0.006940410613686408,0.007592997547828076,0.009938155044467958,0.014556419614515714,0.02383528535989019,0.03158746407532386,0.029209800108667677,0.08658494845434528,0.5121414458162944
20260702_144051.jpg,real,124.50565042559037,0.014403493987531813,152.35968096296006,52.28962747856383,7.048717498658498,0.00032461787583288053,9929.012742077839,121070.26397306462,0.079218379135806,0.033276348337098575,0.028309337377391403,0.019195796634161686,0.011092078877005347,0.007207164738768624,0.005242701571391804,0.00470796455431954,0.004503542423289199,0.0047651580685750235,0.005814860126111699,0.009240103734736481,0.012649149961394377,0.010053212309474105,0.0061989056378506675,0.005256106301295433,0.004784594926935285,0.005373732806199777,0.006020957848379993,0.008417388436901256,0.013416235630129543,0.02411019402899711,0.03336448443621493,0.03129256001744402,0.09438393201835912,0.532105110061769
20260702_144145.jpg,real,419.7780053809002,0.04513651823758186,130.82759473122624,57.67262956146322,7.06365344762128,0.008061381151877376,17324.39599182256,194952.10738515176,0.0625180963853699,0.029870541586834054,0.024613206518630786,0.01830013726443421,0.01359976872372673,0.011221211108410307,0.009628282371529068,0.009426541186479453,0.0097584199576768,0.010959818875289542,0.01344282167777174,0.020531466262975778,0.024728822314049586,0.020501864151105265,0.011835817974491692,0.009331032485916097,0.007719337127169779,0.007879300237353084,0.008021502080414081,0.009922627898996254,0.013231920593954645,0.02051471035059624,0.028869655087363093,0.03171425047899568,0.07830395314421344,0.4935548941562527
20260702_144153.jpg,real,66.32526007151804,0.0018816889602219107,147.66504752423575,30.314303039428918,5.974360650647771,1.9101740112671225e-05,6767.33971906692,57662.29303188234,0.0807657317910149,0.03731709246046498,0.028104245009865882,0.016635604928651092,0.009357395121393233,0.005951364958963654,0.00425399103491664,0.0036154790671737826,0.003139387743429895,0.0030617520160713774,0.003408040871915125,0.004717906395664732,0.005959966327318482,0.005436958448911893,0.003776112413852269,0.0036892050816437418,0.0036585976150304554,0.004516500328862707,0.005435729682004061,0.007812946824330121,0.011986397773742458,0.021385235851754412,0.03165203019102634,0.03484648903314364,0.09244370907089136,0.5670721299579627
20260702_144235.jpg,real,123.326748992047,0.0054347243272612885,119.81014478895594,55.90366347876757,7.606410507347276,0.0024367564843146786,9406.933828561369,85592.88566558948,0.06964628492378964,0.03315425358889302,0.02590330006577254,0.016956536503760472,0.011085488218136064,0.0084567089779519,0.007159577947610741,0.007028993537132889,0.007080601747261861,0.007643041872801624,0.008619688152363521,0.010786115916955018,0.01223304480396923,0.011694733192255998,0.009018032042666362,0.008158118619348566,0.0074840841173610916,0.007668399153535989,0.008168172166776287,0.01014335911807601,0.013559554534015843,0.02119544721753553,0.02942516943578598,0.03141208552575138,0.08256341777717408,0.5337557908433184
20260702_144244.jpg,real,152.20077632804106,0.018081416754840002,147.8319986318239,53.24384913285011,7.4270170459207785,9.941841345191455e-06,10303.15891450242,126671.5446350108,0.06090137425290972,0.02828978881294861,0.024374043795933543,0.018189995067059397,0.013870879386027624,0.011883069647401984,0.010853698096885814,0.011245339622236838,0.011790353598901885,0.013023253631788155,0.015580987803483085,0.02070807357945609,0.023828359582773313,0.02041987188652807,0.01547185096085104,0.01298806621579113,0.011584144170551059,0.011412005097371959,0.011454788526981041,0.013019343918899596,0.015924148889015985,0.021901653071291716,0.02743311486602419,0.02675047899568189,0.06998184999571049,0.47711946652749576
20260702_144301.jpg,real,145.02440229196426,0.023825455224627527,109.38206339901055,43.969078138836615,7.308012427523733,0.0003557838728588178,10544.500101639973,131912.82361155923,0.07089527063256026,0.02711240670307987,0.027606035881781007,0.02181630962423861,0.0149157780820155,0.010927424111355772,0.00901255844462238,0.008661354521147302,0.008902974777660213,0.010119900840744659,0.012667693171094398,0.01778003374417341,0.02130670647573565,0.018606100224484542,0.012882839086047641,0.010237639051731534,0.008798641296576969,0.008715308559009408,0.009237757907003347,0.011636199205010151,0.01619414249049158,0.024612536282135607,0.03005485662300895,0.0266212350581944,0.07797978209271068,0.48269851511338613
20260702_144318.jpg,real,134.46729446594247,0.023357853563155936,144.52584409584202,61.73019515329045,7.479786551389843,0.007202919907632475,9611.494068607108,110187.18113958235,0.06319860984014412,0.030974979624810547,0.025532882696102262,0.018181728816952156,0.012261864973262033,0.009236082315765393,0.007568087091423832,0.0076175728859847296,0.007944313177385684,0.009361193128199262,0.012329000328862708,0.01945607180645715,0.0252220046684206,0.02184345420229346,0.012896690640281393,0.009584828705424805,0.007927557265006149,0.007906333109325403,0.008238435292687809,0.010341637414567189,0.014220072600017158,0.02228904976550659,0.02984172141754125,0.029499118862421,0.07752312762732706,0.49900358174383025
20260702_144337.jpg,real,179.8682833058336,0.024125609468386284,99.3537819881538,44.37109455516912,7.309374239018108,4.769849724041294e-05,12023.203496246766,141919.45930889552,0.07821458827818925,0.030932196195201465,0.030706661614572906,0.02226514466384512,0.014121547835225486,0.009784894299236466,0.00776614197574995,0.006982858925047899,0.006734648009665704,0.007101490784695016,0.008176326710800996,0.010431449104921503,0.012238853520260802,0.010669271354628385,0.008114441541079242,0.007323115652435014,0.006842109261059796,0.007314849402327776,0.008293394685292688,0.010822755512024936,0.015789431353484516,0.025042716405959564,0.031909847829506136,0.028815477637335926,0.0860664088192399,0.5075393786282135
20260702_144424.jpg,real,116.55476018770933,0.0024038031899682576,117.79950333241585,80.1220779942575,7.362651701900578,0.17688859239612229,8785.961408026546,55579.27957997175,0.06366531785295547,0.03705759923074723,0.025080696474019847,0.014087365773971232,0.00871162225828591,0.006083513254596929,0.004656579756355629,0.004098272755869484,0.0037623725657010493,0.003701939575052189,0.003932724341559667,0.004416970209328262,0.004476621257399411,0.004672553726157454,0.0039333945780548486,0.003854418377705968,0.003666081922559982,0.0042585709843003805,0.004903450198747462,0.006724817874403042,0.010262884626383369,0.018611685528611057,0.029861381688066572,0.03401774160685178,0.14440893183962938,0.5470924917426864
20260702_144510.jpg,real,212.5023308591131,0.04038018494952672,150.05485740495152,53.80370531585549,7.303003631756326,0.0032104328119191283,12758.1567203867,155999.18587836815,0.07275204913637794,0.031029045368755184,0.028198971767851525,0.02065244395035603,0.013576198740312849,0.00983728445194315,0.007747151941719809,0.007175998741742687,0.006958618705138837,0.007491903543138208,0.00889236269981984,0.013280847858102891,0.016805956704509708,0.013890651362635478,0.008787247276158884,0.007388128592467614,0.006635117890131259,0.007113890159855872,0.0077442475835740225,0.010214292480482712,0.015080991378077726,0.024543390217049387,0.03241822221110126,0.029803294525150847,0.08690185861048356,0.5050798341030627
20260702_144539.jpg,real,389.97742161378056,0.023003075045039893,167.41239763254598,32.98324566400016,6.699380997592354,0.00013683995109954532,16150.308034837033,110030.88561610054,0.07675403124910635,0.03560195726929566,0.02675427700248792,0.01569023635219766,0.008870468307643913,0.005913720009150962,0.004510021376075953,0.004130890931968315,0.003981204781377792,0.004381000850753524,0.005100499728330808,0.00670962584717893,0.007825681317738569,0.007322668828104893,0.005433607266435986,0.0048836782221396095,0.004372511188481226,0.004741811497326203,0.005174449154965827,0.0069086860862478195,0.010282433190826161,0.018491154665560925,0.029959683040693186,0.035215789341988615,0.0854654300952272,0.575524482398696
20260702_144604.jpg,real,213.1736052142425,0.07934829330978867,129.3731431097901,62.543972437992444,7.484542107209469,0.0030158408161514486,11749.545043104843,279971.2210829405,0.046431191734107355,0.017151240205610683,0.020701147802339216,0.02079632138465498,0.01838279976550659,0.015428844119076896,0.013245883854270927,0.013374010730933111,0.014004144742486202,0.015900355493437043,0.019404240184163115,0.031918672610026025,0.0492782446595556,0.03522215658869284,0.01971712892133032,0.018875311883382425,0.014960683927192657,0.01924896872944608,0.016892305506305584,0.02012385076782293,0.025029088263890876,0.028412553797649346,0.030506260902513654,0.019949924397323345,0.14044370102805342,0.3146009680002288
20260702_144623.jpg,real,49.396049212929725,0.02220962674082759,126.54187760498584,60.59400039459498,7.675581965603693,1.4968615059052303e-05,6318.197347930214,133752.33208874022,0.04415082376533501,0.018948479367439732,0.02014239397752295,0.02025019034716463,0.018337335389916783,0.01694067424004118,0.01572776959592782,0.017076173718150362,0.018885253724727616,0.02265578083445337,0.02902124024135663,0.039967989504990135,0.04648849695444537,0.04041693625067917,0.03054044296376791,0.02491112664073894,0.021262247454888614,0.019930375832880553,0.018935074637536103,0.02072304219451514,0.0228871241313735,0.02503523209843004,0.023138686229231605,0.01596883132202808,0.05407724967113729,0.3535810289113215
20260702_144641.jpg,real,243.87742083316522,0.025080361355772254,121.58383049987131,52.5216077152595,7.475493694512552,1.1170608253024106e-07,13237.987876916817,133365.2907627215,0.06482292798621636,0.032026468979667704,0.02361846385369899,0.0157550258800652,0.010429214983270898,0.007736651569961966,0.006517714797391975,0.0064102535459978835,0.006636346657039092,0.0074772700463267465,0.00907757138465498,0.012398258100031456,0.015479446974463096,0.013000912415282107,0.00923474184277503,0.007931913802224827,0.006946442742143041,0.00713131630873059,0.007209733978666819,0.008848127091137865,0.012130163501958878,0.019626200170150706,0.03028173167662787,0.032673023785352744,0.09211216541794161,0.5344879125082216
20260702_144702.jpg,real,502.99686328840585,0.09372218518544997,112.28618752055392,61.56571052142487,7.685441295378446,0.0012676406245531757,19201.339967834712,194917.89237346454,0.04690281481455003,0.021833065536618148,0.02079095949269353,0.019385026737967916,0.017868840079784953,0.016735693578598186,0.01529602558694844,0.015372879371729245,0.015993630072349795,0.018060527717406846,0.022194769831851067,0.03005943657239269,0.03484492514798822,0.03097252209099488,0.022299661843346964,0.01810934327547256,0.015487266400240212,0.014832892168778061,0.013893108896451142,0.014670918349109212,0.016452518659384026,0.020589218307643913,0.025882411028339387,0.02507410581515056,0.06599595355886642,0.4204014850653436
20260702_144753.jpg,real,200.1513382807256,0.03552253424461666,107.78534637375246,50.4758442570591,7.4014167714177725,9.606723097600732e-06,11057.984940795805,162701.72195726933,0.05561957555263233,0.03268196027195516,0.023041278525265236,0.015984358467499786,0.01100494813263176,0.008853488983099317,0.007501845384483399,0.007764466384511996,0.00827563341817038,0.009754510244788241,0.012279067709971688,0.021870822192513368,0.034319348029683436,0.02516581650890789,0.013874900804998713,0.011058231933998684,0.009197208599044868,0.008953801045211473,0.008658785281249106,0.0103014232248563,0.012843295132831938,0.019991925884354715,0.028774369798964798,0.03128552253424462,0.0716984373659527,0.4992449785881781
20260702_144801.jpg,real,28.16472005248676,0.0,140.23326017329634,36.02276467596402,6.608096807111575,0.03409001544224885,4464.546137161985,18963.607210661172,0.07841186121993766,0.03869789134662129,0.026725791951442708,0.014819822557122022,0.007320099588206697,0.004083415846892962,0.0025169614515713917,0.0019222382681803884,0.0014741851711515914,0.0012396023978380852,0.0011246568389144671,0.0011263324301524207,0.0010577448954788527,0.0013578991392376105,0.001212122701535646,0.001589800966570391,0.0016372760516457435,0.00245596993050988,0.002977190511595985,0.004848267393977523,0.008637672831650891,0.019185407968486373,0.03288169074751923,0.0386698531199062,0.12104415249935657,0.5829820921744974
20260702_144811.jpg,real,288.6675785543988,0.1004077942248849,140.40953683977236,65.46098209327471,6.750655640953001,4.803361548800366e-06,15193.509806285692,176335.69643966612,0.04458636578112042,0.016397670972861676,0.019173902241985757,0.017308857488060853,0.013438911964883182,0.010209377412851382,0.00837806789585061,0.008776970316566102,0.008959051231090394,0.009844433641225085,0.01042631062512511,0.012215060124681862,0.013019008800652007,0.017425478638222424,0.009478261102690955,0.015459674997855243,0.01011509747919586,0.019673005018730875,0.014483922366953587,0.017726191412393833,0.023870361069804683,0.02985579638394006,0.03665858510394921,0.02283987245846321,0.2586077356015328,0.33107202986931283
20260702_144839.jpg,real,162.80751213378227,0.060452986037633334,106.899493234186,57.40942083521079,7.560518341533008,0.00044883503960650863,11483.560503328084,200247.9501331498,0.05748372665789699,0.018540640460121823,0.022902427864680146,0.023644826489176127,0.021342117303897738,0.01910095817009351,0.017564664417055106,0.017722281699505276,0.01847428704709886,0.020403227680231062,0.023694423989819555,0.030414661914838857,0.035339336269267066,0.03001263172381252,0.022854729367439732,0.019249750672023794,0.01703875218050273,0.01650189274786239,0.016321599130658584,0.018181393698704567,0.0212374487045669,0.025056791372358375,0.02506304691298007,0.019212999370871342,0.064710775079356,0.3779306090751809
20260702_144850.jpg,real,54.59020678061508,0.012466287104292373,115.27574869884755,43.75597828086071,7.426695878025337,0.0030386288569876174,6718.519228487387,123315.46635354173,0.05060162661929137,0.017832759015127684,0.019636365423660956,0.019323923510823873,0.01688627337784895,0.015463584710743801,0.014797369634533444,0.016428278439474964,0.01905873327089708,0.023273738883010667,0.029644895300122966,0.039500834667848664,0.04467394334982413,0.03907512278732592,0.029151712945751952,0.02273721456861792,0.01848512253710429,0.016411410821012898,0.01484216377362807,0.015813559867311047,0.0181489989347708,0.021966330893076726,0.02270627198375704,0.017661625296691356,0.06137679534015843,0.374501344047585
20260702_144904.jpg,real,417.90370139524305,0.06750532614601504,113.51262792580572,50.07536286008768,7.6221513411997055,9.360969716034202e-05,17839.682644960558,204584.4789639623,0.045946610748091164,0.023475926892390402,0.020671657396551232,0.01630227397838085,0.013491637235837456,0.012458467678515257,0.012380608538991679,0.01365975489004547,0.015725982298607336,0.019274884540593097,0.025576336362206527,0.03710898402871114,0.04585780441247962,0.03674281149017702,0.024823437365952702,0.018732551509908775,0.015235257478051989,0.01334474373731019,0.01232609597071692,0.012618877613028682,0.013688686765420802,0.017551706511481597,0.022535249971403243,0.023730728466641884,0.05361847279018559,0.4331204513283194
20260702_144956.jpg,real,94.1782130912894,0.008680567967342503,124.90813034848723,55.19271975059349,7.373161622802289,4.4682433012096426e-07,7846.150759803707,92047.2707234567,0.05384948096885813,0.028725330828734023,0.01981341956447139,0.013837367561268552,0.010086724134233178,0.00854048853984958,0.007934594748205553,0.008679674318682261,0.00990263251022334,0.012190373080442678,0.01580976186050502,0.022536813856558667,0.02670412097143184,0.024149402863965226,0.016860692684949528,0.012954442684949526,0.010460939510709486,0.009552098823243444,0.009078465033315221,0.010241548764620093,0.013069611656038205,0.01974840662443879,0.028861723955503446,0.02843199065600961,0.08166563599187852,0.4963142578069147
20260702_145025.jpg,real,167.21831589146868,0.035654459128084875,115.59025091867082,50.03145628912419,7.300394322009,0.05638051738682833,11600.382831435145,148238.78168755886,0.07179204706311304,0.026179437501787296,0.02731749907060539,0.02080056621579113,0.013418804870027739,0.009449217521233092,0.007616567531241957,0.007627849845577512,0.008115111777574423,0.00947088850124396,0.012066937859246762,0.01848065429380308,0.026933676971031485,0.019571687601875946,0.012151499363722154,0.010454683970087792,0.008416718200406074,0.009312600982298608,0.008682131852497927,0.010895699583917184,0.015539433140781836,0.02413365230632846,0.030655276816608998,0.025859176163173098,0.10484330764391318,0.46021487335211186
20260702_145057.jpg,real,122.04551810245455,0.013338264784523435,118.59635364537162,58.84000565582813,7.522498169727819,0.0,8873.871182347664,94846.12478160721,0.051141502116160024,0.02624456214790243,0.01946165711058366,0.014690020089221881,0.0114454052160485,0.010232165453687552,0.00976355843747319,0.011116654215162001,0.012885184913780778,0.015867067080843032,0.02056028643226858,0.02702885055334725,0.029907516300151562,0.02755744373588035,0.020384349352283452,0.015987933062140754,0.012999907060539335,0.011745671165889789,0.01086643259029426,0.011757176892390402,0.014152490420086362,0.020400658440332866,0.02884932458034259,0.02697824769796105,0.0833182157768309,0.4546577191583974
20260702_145106.jpg,real,415.2105914250246,0.057317508007092,148.62035727179787,48.97372520807747,7.331262074431568,1.787297320483857e-06,17772.1834636032,151802.82972021308,0.0663353166375933,0.029372779283079298,0.024752168885298406,0.018605765106236953,0.01343779490405788,0.010496238632789041,0.008812269438645657,0.008515131259115216,0.008693190754668421,0.009399061490177014,0.011211380973147646,0.014491071556235522,0.01710287147187509,0.015056751158168664,0.011773485980439818,0.010303769052589437,0.009465303197117447,0.009519704059309674,0.010072537461751838,0.0122606362063542,0.01564946363207412,0.02200163001515628,0.027782866610426376,0.027637648703137063,0.07599711083388144,0.5112540526966742
20260702_145127.jpg,real,415.13578138545836,0.068070335511453,112.74064696141582,62.73075919716258,7.6278232853469605,0.06862674350853613,16910.711192636118,173190.12009808383,0.0543838828676828,0.02555846338900169,0.024241783794217736,0.01941049572478481,0.014979003724727616,0.012100896508335955,0.010455912736995625,0.01033795111384369,0.011025837170064915,0.013174950491864222,0.016994963396150878,0.02461052557265006,0.028550622515656723,0.02727315175584089,0.021697789470674026,0.018913962187937887,0.016923024679001402,0.015856901827332782,0.014648130308273041,0.014949736731104692,0.016150353706139722,0.02016149571763562,0.02462236641739827,0.024784563649232177,0.0627814993279762,0.45541173521547657
20260702_145148.jpg,real,93.25447459145408,0.013668021140152706,129.52856067606308,59.3791429157188,7.551033074187023,0.00044972868826675055,8590.936630586468,110946.48918924686,0.0734722182504504,0.02970599852726701,0.027604360290543053,0.020307830685750237,0.013239740019731763,0.00941548228430896,0.0076214825988732875,0.007266257256427121,0.0073339511424404475,0.00799748527267008,0.009500155494866882,0.012487176141725528,0.014716047606451428,0.013663776309016558,0.010413911249964254,0.008834945773399296,0.007991453144213446,0.008130303804798535,0.008538142712116446,0.010709150426091682,0.015238273542280306,0.024081262153621778,0.030807979031427835,0.02805218997540679,0.08422080092367526,0.5086496253824816
20260702_145222.jpg,real,3537.698524607045,0.16580913630644284,97.828495864194,79.96630966753793,7.717342859283899,0.02926241367353942,47266.68484688889,304218.4317842131,0.06324116985758815,0.04129673335668735,0.023032677156910406,0.013060898581600847,0.008173310646572679,0.006902765663873716,0.009763111613143069,0.019189317681374933,0.021511687137178645,0.019191663509108066,0.018360905373330665,0.021791175755669308,0.026442840444393607,0.012337936815465127,0.005650875596957305,0.004962207598158369,0.004678697560696617,0.005062743072435586,0.005109547921015757,0.006766819361434413,0.007253411056936144,0.011469086905544911,0.023814731440704624,0.039759881073236296,0.0747628703280048,0.5064129344919787
20260702_145247.jpg,real,242.77985322374388,0.07574309120220767,107.10663518491378,34.89801481423334,7.120578906106,0.0002983669464382739,13884.531357803566,170379.28869243595,0.06596646315307844,0.021623169807543825,0.02565352526523492,0.024316626869512997,0.020104078791215077,0.016365052796762848,0.014093621314592925,0.01350269613800795,0.013687011174182848,0.015146562848522978,0.01829466366639023,0.023211295182876263,0.025825664338414024,0.022805690397208957,0.01738705174583202,0.013991075130830163,0.012128711322885984,0.011634300201607137,0.012157308080013727,0.014423377670222197,0.01865458066430267,0.025051429480396924,0.02749209567760016,0.022760672845949268,0.0710121151948869,0.43271116024192857
20260702_152727.jpg,screen,510.99700544048716,0.060343849195001284,120.63195962405989,45.11538164271584,7.391847557249925,0.001957202272012354,12679.722646747354,117162.62450668646,0.07047525576224656,0.034256345799136376,0.0281035747733707,0.01967099430924533,0.012690257799765507,0.008982956332751866,0.006875621085818868,0.006393162515370757,0.0061399248262747,0.0065346941219365726,0.007319987882124167,0.008877617496925849,0.009603148502959765,0.009034452836798308,0.00731228016242958,0.006878637150047185,0.006491575574079899,0.006961969887614745,0.007741119813263176,0.010266794339271926,0.014393217027939031,0.022392266185764533,0.029636964168263318,0.03325266664760216,0.0784190104092196,0.5412955045897795
20260702_152751.jpg,screen,500.53277400350066,0.03515580317566988,121.44562795797707,47.520044960287585,7.51802614473015,0.0017351305799422345,12887.427107608475,134188.4921933002,0.07211387228688267,0.03313347625754239,0.027707688416883525,0.02003604978695416,0.012744882074122794,0.008869909777231262,0.007070213081586548,0.006504756891818468,0.006259785452829649,0.006470909948811805,0.007078702743858846,0.008389015091938574,0.009171404493980382,0.008835504303811947,0.0073288126626440565,0.006865567538391146,0.006521512804198004,0.007022067760016014,0.007982628363693556,0.01042631062512511,0.014769666526065943,0.02300687305184592,0.02923013061568818,0.03153842510509308,0.0798821366782007,0.5410396976607853
20260702_152755.jpg,screen,679.5357545477316,0.06475009562040665,120.20135870342303,47.080117698326376,7.493771355848501,0.003477745467413995,14406.726145470255,123417.3317950311,0.07142922570705482,0.034432394585204036,0.02787558265892648,0.019543537669078327,0.01222354978695416,0.008591314807400842,0.0067345363035831735,0.006198123695272956,0.0059314812762732705,0.006291398274185707,0.006816640274242901,0.008044625239497841,0.008733181532214246,0.008418170379478966,0.006948230039463525,0.006581945794846864,0.006251742614887472,0.006655895221481884,0.007453253238582745,0.00983773127627327,0.013892438659955961,0.02220828626783723,0.029310223876862364,0.03306410678029111,0.07823190272098145,0.5483004813191684
20260702_152759.jpg,screen,1105.9817465496583,0.04618689053161371,124.15162335747377,53.02998891667333,7.597152636448791,0.00951333681260545,9895.968038188492,98325.20424779398,0.05911351840201321,0.03495741317309617,0.022502296677056822,0.015067921766421688,0.009584270175012153,0.007436385620120678,0.006400758528982814,0.006659358110040321,0.0070580371185907514,0.008239552353513112,0.009801985329863594,0.012443499063456204,0.013797041665475135,0.012361059974548887,0.009406322385541479,0.008012342181646601,0.00710796973748177,0.007231404958677686,0.007558480368326232,0.00932801642168778,0.012102683805656439,0.019316886027624467,0.02530075745660442,0.034297453637507504,0.07061846296005032,0.5642961221010038
20260702_152801.jpg,screen,829.7501248854237,0.07011589729474678,112.69705656706654,53.753891185530755,7.447524192705585,0.011368663137350224,13673.978927700095,131285.54835177254,0.0701038330378335,0.03286705725070777,0.02751466030627127,0.021061399918499243,0.014436112163630645,0.010681894141954302,0.008514349316537505,0.007809148817524093,0.007431135434241757,0.007656446602705253,0.008350923317795762,0.009770484214590066,0.01047266864937516,0.009856609604220882,0.008382759551316881,0.007964420272241127,0.007766588800080071,0.008429899518144643,0.00967486380794418,0.012488963439046012,0.016969159291086392,0.024157557407989933,0.028369546955875204,0.029898468107466613,0.07838404640538763,0.5209870036675341
20260702_152803.jpg,screen,667.3247522168717,0.0613102185149704,120.24226178454488,50.6006278311023,7.53293330891117,0.002482220859904487,14883.797867206444,153848.43772899534,0.06987963893019532,0.03232427739569333,0.027398262568274757,0.020200481140438674,0.013264650476136007,0.00973540850467557,0.00793749910635134,0.0074019801467013644,0.007271172324058452,0.007787924661843347,0.008598128878435186,0.010094320147845235,0.01078767980211044,0.010168157868397724,0.008619576446280992,0.008285798671680632,0.007664712852812491,0.008002847164631531,0.00898474363007235,0.011484278932769024,0.015751339579341703,0.023105286110555064,0.02850236548800366,0.03004033483228002,0.0767220833095027,0.5299870510309131
20260702_152805.jpg,screen,302.283769270749,0.02005481640881924,117.10281282618176,45.556180850889525,7.387187011359246,0.0019815541980039465,10882.969332547866,112736.17421669392,0.05455758582601733,0.02832084310389202,0.022358977773170523,0.016261948082587435,0.011800853970659728,0.0102545066701936,0.009677656460007435,0.010358058208699134,0.0114875184091624,0.01348895628985673,0.016062887843518545,0.01992099252194801,0.021584966327318482,0.019919428636792587,0.015720620406645885,0.013342174497411994,0.011406643205410506,0.01086576235379908,0.010647600374617518,0.012090954666990764,0.014326305084503417,0.019626423582315766,0.02481427746718522,0.027360170794131944,0.06552097929594784,0.5082229081472162
20260702_152806.jpg,screen,713.4877346630376,0.03879954388172381,132.5240985765964,46.72646756145527,7.481791184098136,0.000754351175326718,11609.463948580564,107424.42542910784,0.07368066180045182,0.03563569250621979,0.027362963446195203,0.01835967660642283,0.010939488368269037,0.007485089472103863,0.005872500464697303,0.00539350478280763,0.005284703058423175,0.005683158654808545,0.006546758378849838,0.008459166511767565,0.009391018652234837,0.008325901155308988,0.006246939253338671,0.00551403564585776,0.005045875453973519,0.005450921709228174,0.006167069404329549,0.008350699905630702,0.012382507542394693,0.021192654565472275,0.029182097000200177,0.03453293005948126,0.08153237063541995,0.5559816149661129
20260702_152808.jpg,screen,406.8208839392996,0.02173621636306443,132.4858726434485,51.92063542191679,7.5337021284660395,0.0014088371128714004,9420.669147801656,78979.06748654717,0.0766740496940147,0.03528415346449713,0.02767875654150819,0.01905392990934828,0.011136537897852383,0.007216883167948754,0.005323353362978638,0.004639041901398381,0.004187302503646086,0.00426281581543653,0.004713884976693643,0.005995265449398038,0.006952474870599674,0.006401875589808116,0.004938190790414367,0.004672665432239984,0.004467908182962052,0.005126750657725414,0.005985658726300438,0.008430569754639823,0.012994210050330293,0.02251112145757671,0.030611823150504733,0.03364844129800681,0.08644788509108067,0.5606444502630902
20260702_152810.jpg,screen,120.4380951580236,0.010108730232491635,117.32828909623524,44.31957790434764,7.300832319226736,0.00035321463296062225,9158.161657847233,98563.42795643756,0.07529191033486803,0.030436556307014785,0.028078440904801397,0.02043115420086362,0.013061233699848436,0.009231725778546713,0.007374612156481455,0.0069407457319339986,0.006777766557522377,0.007225819654551174,0.008174986237810633,0.009857838371128714,0.010650839851010896,0.009834603505962424,0.007990559495553204,0.007249948168377706,0.006689518752323487,0.007105847321913695,0.007941632231404958,0.010304439289084618,0.014757602269152677,0.023254860555063057,0.03041656091824187,0.029886068732305756,0.08344667777174068,0.5275880512024936
20260702_152811.jpg,screen,232.2812227295893,0.02367990219909062,130.93417339286225,39.505019646964456,7.308735159417707,0.003091354127941891,12343.451153731643,103514.31931567925,0.0794776489533587,0.03367692634905202,0.03035892057965627,0.02052766825616975,0.012234050158712002,0.008116787368812377,0.006203373881151877,0.005431484850867911,0.004964888544139095,0.0049739367368240445,0.0052743143927478624,0.00641338131630873,0.007226601597128885,0.006718450627698819,0.00527788898738883,0.0052028224999285085,0.005048556399954245,0.005731080564214018,0.006762462824215734,0.009186149696874375,0.01389188012954331,0.02324815819011124,0.03174530476993909,0.03188862367382539,0.08598609214590065,0.5444325465054762
20260702_152813.jpg,screen,356.28125910663715,0.04960867125168006,109.56119181006748,51.31632884075144,7.444901331094373,0.007128523656667334,13207.368262481321,176777.72576762422,0.06650555670736938,0.027873013419028283,0.02679728384426206,0.021094241506763135,0.015089927864680145,0.011602128849838429,0.010194743916039922,0.010171955875203751,0.010499254697017358,0.011588500707769738,0.012990523749606795,0.016150353706139722,0.017448378385141124,0.015215038677114016,0.01140820709056593,0.009917824537447453,0.008776411786153451,0.008834610655151705,0.009576562455317567,0.011962604378163516,0.016199169264205438,0.023709169192713545,0.02883066966456004,0.02709855514884612,0.07625727430009437,0.494208039620807
20260702_152815.jpg,screen,123.76915110744171,0.015043011310017444,122.50548912518946,52.18988093316573,7.3519855217702235,2.31231590837599e-05,8558.914377437295,100918.86774239146,0.0728919051517058,0.030734699841288,0.02738876755125969,0.02002722500643427,0.013107033193685835,0.00927205167434013,0.007265587019931939,0.0067735217263862274,0.006578482906288427,0.007064627777460036,0.008304118469215591,0.011111068911035488,0.012763983814235465,0.011704675033601189,0.008793726228945637,0.007695767143755898,0.007041392912293746,0.007477828576739398,0.008153538669964827,0.010577895779118648,0.015028489519288512,0.02363131005318997,0.02998459349709743,0.02918701206783151,0.08279688348966227,0.5246438139852441
20260702_152816.jpg,screen,122.60022291271208,0.008074674175698475,127.19001204638394,48.16344604604004,7.480956157881076,0.0005139596857216391,9111.738708086152,102326.96176969106,0.07946804223026109,0.033961553447339074,0.029358704316680487,0.01961402420715491,0.011433005840887644,0.0072941837770596814,0.005288165946981612,0.004517282271440419,0.004069787704824273,0.004144407367954474,0.004594471174468815,0.00588478813377563,0.006790054226600704,0.006078933305213189,0.004710757206382797,0.004525771933712717,0.004371282421573393,0.005079052160485001,0.0060469853656095396,0.008490109096628442,0.013161769174125653,0.022639583452486487,0.0315292652063256,0.032770878313649235,0.08787805806571534,0.5562990836526638
20260702_152818.jpg,screen,382.5804877776178,0.03605257960622266,128.27719752673798,45.50859655093266,7.45586019518577,0.00011003049129228745,12917.094543065326,124029.17806067901,0.06105552864680145,0.03400165593096743,0.023291723562298035,0.014177512582573137,0.009092539999714032,0.007326913659241042,0.00651950209471246,0.006741573786782579,0.007296194486545226,0.008713968086019045,0.010404751351196775,0.013431204245188596,0.014912538605622123,0.014221189660842461,0.01153823297063113,0.010242665825445394,0.008922411636020476,0.00841057436586691,0.008302219465812577,0.009534560968286197,0.011647481519345707,0.01737688649232177,0.02508203694701021,0.03276451106694501,0.06912059609940233,0.555871025944408
20260702_152825.jpg,screen,877.8385940217,0.09815021429694873,128.59128788623494,67.47121217520072,7.849346234762013,0.027309009408333095,21642.995013166357,290420.51866820024,0.05813988818667963,0.030157179394606652,0.024578689339128944,0.017953624996425405,0.012439365938402586,0.010321530319711744,0.009386103584603506,0.009957591902828218,0.01130130436958449,0.014084908240155566,0.017442569668849554,0.024787356301295433,0.028862059073751035,0.022707165632417283,0.015283291093539993,0.012266668334810833,0.009748924940661728,0.008981169035431382,0.009018925691326604,0.01100517154479682,0.014161426906688781,0.020700030741513914,0.026720206647316194,0.027957686629586205,0.06646132109868741,0.4855758403872001
20260702_152827.jpg,screen,766.01464243321,0.06396290285681604,124.99554024636106,67.57306039138258,7.649342547060158,0.00392490491578255,14164.431480260973,156242.27936330176,0.06404835800995168,0.03301830728645372,0.02614793638651377,0.019727629293088165,0.013543915682461608,0.010332477515799708,0.008578580313992393,0.008321209499842717,0.008460171866510338,0.009466978788355401,0.011251036632445881,0.014574962824215734,0.016138736273556577,0.014224317431153308,0.010809574194286367,0.0091792239197575,0.00809567491921416,0.008219333552575137,0.008947657210672309,0.0114550119391461,0.01563505354742772,0.022824010194743918,0.02839423400011439,0.03114790064056736,0.07508134436929852,0.5123763637078556
20260702_152828.jpg,screen,1020.7782129694299,0.07046240956275558,140.91480366985758,53.15895764020339,7.6177532620458175,0.008692632224255769,14090.520880281143,160321.35829893916,0.0616740452257714,0.03185634061597415,0.02480009079470388,0.018526230375475423,0.012796937108581886,0.010134087513226,0.008911911264262632,0.008991110876776573,0.009348123516543225,0.010681894141954302,0.012057554548314222,0.014927172102433585,0.016342599874174267,0.014432984393319798,0.011401281313449054,0.010199770689753782,0.008972120842746432,0.008832711651748692,0.009254848937630473,0.011286000636277846,0.014838812591152164,0.02175922781606566,0.026340405966713373,0.02992952239841002,0.07023385891789871,0.5214703558866425
20260702_152830.jpg,screen,967.9967362937383,0.1293594415768252,135.89741550105094,60.35349306879751,7.687389178685157,0.006074018237581858,18227.808708020784,202709.41868404087,0.051531356344190565,0.02849756212645486,0.023861983113614916,0.018524107959907346,0.01398515470845606,0.012686348086876948,0.012206458756327032,0.013035317888701421,0.014126798021104408,0.016141082101289714,0.01837721446138008,0.022680244466527496,0.024310483034973834,0.021766265299265064,0.01722273209843004,0.015062894992707828,0.013139986488032256,0.012456680381194773,0.01256693428465212,0.014195385555777975,0.016264182204238038,0.020863680152420714,0.02443860991163602,0.025849122615745374,0.05914848240584518,0.47706093254024995
20260702_152832.jpg,screen,538.5794743371749,0.052825359604220884,124.84057129171552,63.551772544480144,7.7359324919749595,0.012410098944779662,16837.809564782456,223729.15100075866,0.05530623999113501,0.030640308201549945,0.022123724763361836,0.014963811697503503,0.01075952986931282,0.009308356151162458,0.008889905166004176,0.009607616746260974,0.01081996285996168,0.013506382438731448,0.01749585347021648,0.024844214697303326,0.028918135527181216,0.024478824101346906,0.01675468361262833,0.013318381101833051,0.010628610340587378,0.00975339318396294,0.009666374145671881,0.010893577168349109,0.012958352397838085,0.017931507192084417,0.024158451056650175,0.029212257642483343,0.0632745699762647,0.4997869765006148
20260702_152833.jpg,screen,1136.5674982675419,0.11153874681861077,123.7387959916283,54.99783763416395,7.689975648326537,0.005363455846606995,19002.507747196883,196679.9447668977,0.059588939489261916,0.03151474341559667,0.024274401970316568,0.017475746375361034,0.011986397773742458,0.0097909264276931,0.008846898324230032,0.009231614072464183,0.010109958999399468,0.011935906624438788,0.013963930552775315,0.01760856490748949,0.01921054183705568,0.017026799629671994,0.01321605833023535,0.011509189389173268,0.009858955431954017,0.009255184055878064,0.009396268838113758,0.011085153099888473,0.013953095062769882,0.01998578204981555,0.0253424238253882,0.02999933869999142,0.06665278532414425,0.5171803954931511
20260702_152834.jpg,screen,879.1624243616064,0.11058555881638023,121.56701080331865,67.50517626075089,7.76904001201409,0.012545710128971375,19663.648678169327,236879.62407498507,0.06141432858388859,0.03246100564071034,0.0250269658483228,0.01837308133632646,0.012972539070319426,0.010466636520918528,0.009283222282593154,0.00926769513712145,0.009788804012125025,0.01146852837513226,0.013828989605078784,0.01864687294460808,0.02078336347908147,0.01803014366295862,0.01307184577768881,0.010967526594984128,0.009273503853413023,0.00886477129743487,0.009253843582887701,0.011335486430838744,0.014479565829734907,0.021073575881495037,0.02667317838657096,0.030305525072206813,0.06842489061740399,0.504464110176156
20260702_152836.jpg,screen,122.07601924630177,0.008224025208041408,127.3469912636907,57.366288208388276,7.625129896557903,0.0010617663144499414,8451.892119170172,97849.70809173949,0.06431801649317967,0.03337241556807458,0.02462370689038863,0.015894211658897883,0.010769583416740542,0.008541158776344763,0.007554347243272613,0.007629413730732935,0.007915381302010352,0.008833046769996283,0.01069451692928022,0.013869874031284852,0.015896334074465956,0.013979122579999429,0.01050517511939146,0.008856951871657755,0.007957717907289313,0.007973580171008608,0.008449894906917556,0.010201781399239326,0.013019790743229717,0.01953147341216506,0.027392007027653063,0.031344056521490464,0.07490708288055134,0.5359693585747376
20260702_152837.jpg,screen,572.3345555506608,0.03591406406388516,124.24483616292288,67.25103027748182,7.6347008284939735,0.0041332367597014495,10820.547272019492,119342.74796256017,0.06096124871314593,0.03652565486573822,0.0222369947310475,0.014118643477079699,0.009025739762360948,0.007172424147101719,0.006106301295433098,0.006173548357116303,0.006512688023678115,0.007720230775830021,0.009665033672681518,0.01353051095255798,0.016119187709113785,0.013972643627212674,0.009940389166118562,0.00813197939603649,0.0068355186021905115,0.006767154479682004,0.007151535109668564,0.00879964665131974,0.011321411464439933,0.01800154690583088,0.025032662858531844,0.03471054273070434,0.0711181242672081,0.5623486382581715
20260702_152838.jpg,screen,102.25033966862931,0.010286789728044839,129.63356048392862,60.586964452479656,7.72804777531766,0.007560826196059367,8072.862665039845,112965.71629164745,0.057104261095541765,0.02899219665989877,0.022851936715376477,0.016369297627898995,0.012005834632102719,0.01034264276930996,0.00971228534559181,0.01034286618147502,0.011166586834053019,0.012908754897194659,0.015848188752895422,0.02141360919671709,0.02472602966198633,0.021692539284795104,0.015102438945923531,0.0121173173024679,0.010401958699133518,0.01020848376419114,0.01059275268809517,0.012230028739740913,0.014868638115187738,0.020696344440790413,0.026646033808516115,0.02742227937601876,0.0702197839514999,0.49401691051359775
20260702_152840.jpg,screen,772.4759989420646,0.05032705306843204,127.61769252319912,64.41316995499389,7.624507178609075,0.0038109647116017042,14167.254295750221,106283.49946700607,0.05945712631187623,0.03500254243043839,0.0213530644999857,0.013443380208184391,0.008865329827847521,0.007479169049729761,0.006721801810174726,0.006934378485229775,0.007285805820869913,0.008202912758443193,0.009164925541193629,0.010989644399325116,0.011583585640138408,0.011095988589893906,0.009056347228974235,0.008224360326289,0.00738611788298207,0.007302003202836798,0.007482185113958077,0.008899288476936716,0.010850011796162315,0.016288869248477222,0.023287367025079355,0.034870952665217766,0.06653538223140495,0.5822374594283508
20260702_152841.jpg,screen,844.0557263921205,0.09656130697903857,135.95752029922932,63.95903788758641,7.629916705077511,0.016502562984357573,19651.125501586965,234714.11318034495,0.055677215891217935,0.028076765313563443,0.024938047806628727,0.02045282518087449,0.01628786389373445,0.014494199326546369,0.013593624889187566,0.013724432711830478,0.014288325016443136,0.01566588442620607,0.017854988525551202,0.021745264555749377,0.02314550030026595,0.02016629907918442,0.01596190554491121,0.013949297055963854,0.012580003896308159,0.012453776023048986,0.013062015642426148,0.015140307307901285,0.01829332319339987,0.023324006620149274,0.026411674447367667,0.026132744359289656,0.06365280677171209,0.45892690222053817
20260702_152842.jpg,screen,109.31281996332609,0.011798284730761532,130.98929498269896,57.404859658361296,7.64287808628659,0.0004299567116588979,9042.145799316882,119713.59578292453,0.06864528671823615,0.028389318932483056,0.027133965977008206,0.02092668238296777,0.0144991143941777,0.011068732305756527,0.009375491506763133,0.009079023563727874,0.00928657346506906,0.010178434827990506,0.012139658518973948,0.015846624867739998,0.018666756627298463,0.016297358910749522,0.012202213925190884,0.010419831672338356,0.009433131845348738,0.009608733807086276,0.010303098816094255,0.012637644234893762,0.016740161821899396,0.02398072667934456,0.02903430985301267,0.02637090172724413,0.07696303332952044,0.49077318928908464
20260702_152847.jpg,screen,4097.1251119622,0.20301284709313963,141.0607492305685,62.134149301128716,7.802342043320565,0.01827556192627756,26667.45251632254,156210.49568262303,0.0732605352240556,0.04242284237467471,0.017814439217592726,0.008286692320340874,0.004315876204638394,0.003111237810632274,0.0024277082916297293,0.002297794117647059,0.002291315164860305,0.0031011842632045527,0.0035260024950670593,0.004699586598129772,0.00514328315793989,0.005017725521175898,0.003950373902599445,0.00376717592724985,0.0025810807429437503,0.0024052553690411507,0.0025626492393262604,0.00341038669964826,0.004713438152363522,0.009831140617403986,0.018959314857445165,0.04299723505104521,0.07317418642225972,0.6539315402570849
20260702_152849.jpg,screen,1010.3694397449714,0.13660804927221254,124.28952998995538,70.50510422135986,7.717881959073249,0.013946951228230718,21834.547100414802,247460.58042938993,0.06669188245302983,0.03039354946524064,0.02658962223683834,0.020511917698532986,0.01578250557636764,0.012738291415253511,0.010414358074294375,0.009463739311962023,0.009134764898910464,0.009546960343447054,0.00989302578712574,0.012700869877605879,0.013608370092081557,0.013139874781949726,0.010688261388658526,0.010596215576653608,0.010343871536217793,0.011055550988017958,0.012672496532643199,0.015878349395178588,0.01902164685149704,0.02317309170265092,0.026739978623924045,0.027615866017043668,0.07048363371843633,0.5011213056564385
20260702_152850.jpg,screen,314.2052675506725,0.03658709321112986,128.05223856755268,56.52120230449722,7.660123286200106,0.0004993261889101776,11563.104258078563,145289.1869810632,0.053336638343961795,0.030256374395893505,0.020945895829162973,0.015530720066344476,0.01238563531270554,0.011086716985043895,0.010266906045354457,0.010636988296777146,0.011016900683462495,0.011928310610826732,0.013292912115016157,0.016291661900540478,0.016860134154536875,0.01653216509622809,0.01308089397037376,0.011918927299894192,0.011014889973976951,0.010814154143670108,0.01107498784637822,0.01263127698818954,0.013997107259286797,0.018398215204895766,0.023379412837084276,0.030362160056049643,0.06372396354628385,0.5292360510380623
20260702_152852.jpg,screen,906.8609786478166,0.06220822371243101,124.62850745928537,72.68703001237489,7.5781729006098155,0.00746006730961709,14504.112357337473,159049.39651627297,0.05216796930853041,0.03156579309531299,0.019682388329663417,0.013278613736452286,0.010008753288627069,0.008969663308930767,0.00815041089965398,0.008851254861448712,0.00948049522434156,0.011131399418055993,0.013191929816408819,0.01968976093111041,0.02166796394663845,0.020891718379135806,0.014088482834796533,0.011982264648688838,0.010247245774829135,0.009570865445108524,0.00932801642168778,0.01077393995395922,0.011733271790728932,0.016210898402871113,0.02233440243501387,0.03143867157339358,0.06117963410449255,0.5423841920701192
20260702_152853.jpg,screen,1292.3265805337883,0.0816711095899225,132.3456779352784,63.1920375206057,7.734017940545448,0.007426555484858017,17194.803014575322,125331.78208831462,0.06771812623323516,0.03532302718121765,0.021382219787526094,0.012819278325087936,0.008641359132374389,0.007030669128370842,0.005942875296691355,0.0057316390946266695,0.005743815057622466,0.006270397530670022,0.006875844497983928,0.008731505940976294,0.009048974627527238,0.009106838378277903,0.007245479925076496,0.006725823229145815,0.006192203272898853,0.006233757935600103,0.006695327468615059,0.00820123716720524,0.009858396901541366,0.014532626218936773,0.02253759579913638,0.03653984153821956,0.06975866124281506,0.5951124790886213
20260702_152855.jpg,screen,1342.0371514450248,0.07396484207440876,139.88119879393176,65.38573021571393,7.687139141200272,0.011657423360690897,16443.13338132979,107803.78698824222,0.07151456915410792,0.0380197237195802,0.02112473726729389,0.011709143276902399,0.007369138558437473,0.005535930038033687,0.004405911307157768,0.0040352705253224284,0.003738355757957048,0.0039282560982584576,0.004157141861362922,0.005599267386828334,0.00572728255740799,0.006078486480883068,0.004543868319082616,0.004463775057908433,0.004181270375189453,0.004582295211473019,0.005075365859761503,0.006618920508164374,0.008508428894163401,0.013709240684606366,0.022762571849352282,0.039390469058308786,0.07367161360776688,0.6195489665846893
20260702_152856.jpg,screen,878.6028535975099,0.07335313956647316,140.19934017451172,62.55726628104772,7.708651691480718,0.016212573994109067,19216.445694644786,205423.51224334782,0.054547755690754665,0.0345120410220481,0.02199593300494724,0.013965606144013269,0.009608286982756155,0.008638678186393663,0.008441628656810318,0.009530539549315108,0.010332030691469587,0.012210926999628242,0.013599210193314079,0.018087002058966514,0.018543097993937486,0.01680785570791272,0.011420047935314136,0.009778862170779834,0.008186603670393778,0.008099026101690068,0.008127176034487689,0.009651070412365239,0.011551079170122108,0.017206981540793274,0.024646048106894677,0.033823149611084104,0.06691764044582345,0.5397717219179845
20260702_152857.jpg,screen,186.42151128415173,0.014146123173382139,140.92858350878635,61.72819241413374,7.559244678561987,9.394481540793274e-05,9964.601989879297,84639.9349730993,0.0800705848394292,0.033476302224827705,0.029449074537447453,0.021411486781149017,0.0142811758271612,0.00957723269181275,0.006716775036460865,0.005391270661157025,0.004493600581944007,0.004079952958334525,0.0040240999170694045,0.004641722847379107,0.004877087563270325,0.005043082801910263,0.00420718618633647,0.004532697710829592,0.004778897916726243,0.005773193757327919,0.007336185264091052,0.010573539241899969,0.015354671280276816,0.02366850817867254,0.031198615202036088,0.03300479085046756,0.08739716338042267,0.5446411017615602
20260702_152859.jpg,screen,1774.5696861639628,0.09116456271983757,127.14460162483199,59.79051900359285,7.683096228560761,0.020376641632588864,16814.09672481169,82557.6206523563,0.0674238924118505,0.03814081311304298,0.02147851043066716,0.012919366975035032,0.008300990698904744,0.0065133582601732964,0.0051750076853784785,0.004820229167262433,0.00435586698218422,0.004247958906460007,0.004219585561497327,0.0046667450098658815,0.004571459721467585,0.005015379693442764,0.004439869956246962,0.004657585111098402,0.00470327289885327,0.0052687290886213505,0.005783582423003231,0.007419294589493551,0.00938364605078784,0.014861488925905803,0.022987436193485658,0.03854440718922474,0.07191972711544511,0.6181817958406016
20260702_152901.jpg,screen,1455.171576185906,0.13694897623609484,136.72570638458348,62.570892161002035,7.744028450258158,0.009053107752580856,18245.217385440978,145630.97907178293,0.06815009365437959,0.03485073386427979,0.0243140576296148,0.016944583952929738,0.012212826003031257,0.009553327590151277,0.007676441991478166,0.0070143600403214275,0.006510900726357631,0.0066810290900511885,0.006798767301038062,0.00776614197574995,0.008196545511738968,0.008122819497269009,0.007256985651577111,0.007334956497183219,0.0070917723555148846,0.007588864422774458,0.008540153421601991,0.010806893248305641,0.013481695394492265,0.018892067795761962,0.02525909108782064,0.03387576317595584,0.07292452332780462,0.5621546047928165
20260702_152903.jpg,screen,593.0765819592156,0.041380848036832625,134.35318827032515,61.32834296608011,7.6678429715563565,0.010061478559581344,14948.511631822152,138613.82325945233,0.0607058886084818,0.035064762718407735,0.0226872819497269,0.013248117975921531,0.008471565886928422,0.007116347693671538,0.0063773002516514625,0.006531901469873316,0.006971464904629815,0.008080482891990048,0.009060703766192914,0.012034654801395522,0.012808554541165033,0.012559896801452716,0.009558354363865137,0.008569308709142383,0.007454817123738168,0.007168067609883039,0.007456827833223712,0.008816737681946867,0.010589178093454202,0.015837129850724926,0.023889574515999885,0.03459213428322228,0.06663993912465327,0.5777090065486574
20260702_152905.jpg,screen,880.5026612722609,0.050054825345305844,138.88638195616116,63.389153993365504,7.6677665278551785,0.009965634740770397,10546.805511679986,89677.46538285537,0.0534796221296005,0.0359714809903057,0.020946119241328033,0.013249123330664303,0.008670179301667191,0.006869812369527295,0.006016377898996254,0.006262801517057966,0.006398524407332209,0.007178567981640882,0.008122372672938888,0.010665026523492237,0.011061694822557122,0.011448756398524407,0.008506976715090509,0.007613551467013641,0.006788155223197689,0.006821331929709171,0.006931585833166519,0.008246924954960107,0.010231160098944779,0.016534734336126282,0.023518263497669365,0.036298668106036776,0.06462275068632217,0.59754543756613
20260702_152906.jpg,screen,371.27086096318675,0.029768107109153823,129.22985838796507,56.44773374108224,7.711829357305367,0.004273874717607024,13094.733939958274,143358.09893387073,0.0601447889559324,0.033328515077640196,0.02418380833738454,0.015855449648259887,0.010978808909319683,0.0090033985458549,0.00780322839514999,0.007743689053161372,0.0079377225185164,0.008834163830821584,0.009977810703766193,0.011707132567416855,0.012063586676770854,0.011955343482799051,0.010270480639995425,0.009423301710086077,0.008522057036232092,0.00852161021190197,0.008826344405044468,0.010572645593239727,0.01273415829019989,0.018110348630215333,0.026057789577911866,0.03381912819211302,0.06876347175355314,0.5528612172567131
20260702_152916.jpg,screen,126.22492182526867,0.004259688045125683,137.12392605772254,67.53811993290351,7.71840546338941,0.04631255987446024,7318.706590670792,63614.25903174222,0.06321692963767908,0.03421992961623152,0.02422145328719723,0.01685722979639109,0.012000361034058738,0.009377390510166147,0.00744185921816466,0.006740791844204867,0.006248056314163974,0.006120487967914439,0.006420753917755727,0.007913147180359747,0.008115223483656953,0.00862359786525208,0.006859647116017044,0.006699013769338557,0.006801783365266378,0.007477046634161686,0.008574223776773714,0.011182560803854843,0.014126462902856816,0.020376865044753924,0.027870891003460206,0.03408387160770968,0.07627615262804198,0.5621542696745689
20260702_152921.jpg,screen,541.2233556558028,0.04097725396065086,129.46064639394893,65.73755308729872,7.632927061985919,0.001963346106551517,14733.743478051827,144892.94664862793,0.06291588174526008,0.0343181192627756,0.023439399003403014,0.015547922803054134,0.010524723683834253,0.00855925516171466,0.007414267815779691,0.00731697181789585,0.007458280012296606,0.008224583738454059,0.009572652742429008,0.013269230425519746,0.014986041207927021,0.014061896787154337,0.009919835246932998,0.008752394978409449,0.007898290271383225,0.00803926334753639,0.008707489133232292,0.010835266593268323,0.013496552303468787,0.019199259522720124,0.025946865437959335,0.032895430595670454,0.07114672102433584,0.5455534053375847
20260702_152922.jpg,screen,629.7655819358628,0.03109562219394321,134.8773671635949,65.11520463782863,7.501493388463856,0.0016335897509222454,13782.189616203446,103456.38464151339,0.07064840019016844,0.04158270092796477,0.02263455667877263,0.011882399410906803,0.0065736795447396265,0.00455928375847179,0.0033722949255054475,0.0030199739412050675,0.0029007835511453,0.0032017197374817697,0.003548008593325517,0.004957404236609568,0.0055282223183391,0.005513923939775229,0.003940096943006663,0.003844923360690898,0.003624080435528611,0.003976959950241643,0.004637478016242958,0.006465659762932883,0.008946205031599416,0.015664208834968114,0.025589070855614973,0.04138375239497841,0.07752927146186622,0.6144749411979181
20260702_152924.jpg,screen,1181.8738181801598,0.099431147945323,137.22214675855759,56.40770820060743,7.736258441104067,0.01163005537047099,21991.7817197962,220573.68473117874,0.056913131988332526,0.032938995967857244,0.02135250596957305,0.013717283522548543,0.009693295311561668,0.008720782157053391,0.008103270932826218,0.008619688152363521,0.009509985630129543,0.011239977730275387,0.012846758021390374,0.017437207776888102,0.01853550198032543,0.017772102612313764,0.013191371285996168,0.011418595756241242,0.009764898910463553,0.009021383225142269,0.009022835404215161,0.010442396301009465,0.011862850846464011,0.01606880826589265,0.02269186189911064,0.03250054959392605,0.06194392712116446,0.5446700336369356
20260702_152931.jpg,screen,472.5543766891004,0.06861646654894335,133.88869092088706,57.729198531378415,7.7294230997179065,0.008197662572564272,15598.905278566239,140051.1009834066,0.07146999842717836,0.03238482209242472,0.02855810682318625,0.020830280033744174,0.014145564642969488,0.010492887450313135,0.008504630887357374,0.00786354967971632,0.007645275994452229,0.007991453144213446,0.008840419371443278,0.01019418538562727,0.010802871829334553,0.010717304970116389,0.00934220309416912,0.008904426956733106,0.008661801345477423,0.0090780182089851,0.010187259608510395,0.012701316701936,0.01680249381595127,0.024112539856730248,0.02962333602619463,0.029272914045297263,0.0754255108095742,0.5154468287983642
20260702_152933.jpg,screen,562.8462100395126,0.03921620756956161,127.06729665918385,57.73527468602274,7.705425047338886,0.006200916347336212,13759.143749637102,134024.73194721076,0.07516981558666247,0.03453851536360777,0.028111505905230347,0.02020729521147302,0.012416131073236294,0.008469108353112757,0.00657055177442878,0.005969014520003432,0.0057413575238068,0.006091444386456576,0.006947224684720752,0.008608182425862906,0.009540034566330178,0.008931571534787954,0.007054350817867254,0.0063516078526695075,0.005967674047013069,0.0063130692541965745,0.007246150161571678,0.009796846850067202,0.014376684527724556,0.02331652231261975,0.029630261803311506,0.03206690658154365,0.08129130890931968,0.5392768639723755
20260702_152936.jpg,screen,331.95203069442704,0.054064291765563786,130.83317288616345,63.27031670352003,7.719112752944607,0.00895737563985244,13731.293987240855,194876.2470004853,0.05839681217649918,0.02619853924189997,0.024413029218736594,0.02156642311761846,0.017694913709285366,0.015538316079956533,0.014098536382224256,0.014034752209099489,0.014172374102776745,0.015199623237724842,0.017458320226486315,0.02158976968886728,0.023327022684377592,0.020709525758528982,0.01609863378992822,0.013726443421316023,0.01247913330378335,0.012424955853756183,0.013055089865309275,0.015501899897051674,0.019005896293860278,0.02427205614258343,0.026368667605593525,0.024986304834281794,0.06857759283222283,0.4491053683262318
20260702_152940.jpg,screen,315.6092900031048,0.03651403743315508,125.33934587599016,55.391730335235444,7.6883731246819105,0.003390503016957877,11706.339929504475,152037.02448532704,0.06515547699390889,0.02947521376075953,0.025121692606308445,0.019143406481455003,0.013386410106093968,0.010389894442220252,0.008791156989047443,0.008876388730018015,0.009146047213246017,0.010525058802081844,0.013007949898481513,0.020593239726615004,0.024893923904029284,0.021984762396694214,0.013468960901083817,0.010893130344018988,0.009426652892561983,0.00935091616860648,0.009788915718207555,0.01202493637221539,0.015673592145900656,0.022526983721296006,0.027313477651634305,0.027490308380279677,0.0718613048342818,0.4896901988189539
20260702_152942.jpg,screen,79.72072893954315,0.002043104249478109,132.46855607824074,50.24194601615039,7.388351337696912,1.1170608253024106e-07,7945.957123382024,42031.54153702181,0.08697591974320112,0.0337149064171123,0.030993299422345508,0.02138020907804055,0.012183670715490863,0.007385112528239298,0.00506955714346993,0.004052249849867025,0.003393742493351254,0.003015058873573737,0.0028628034830850183,0.0029088263890874773,0.002904469851868798,0.003200490970573937,0.0030002019645972147,0.0034309406188338244,0.0036951255040178444,0.0046607128814092486,0.0059438806514341275,0.008874713138780063,0.01446213968086019,0.025455023556578683,0.034041981826760846,0.03159025672738711,0.09748288215991306,0.547321824330121
20260702_152944.jpg,screen,638.1239200695783,0.08849590440819011,130.87103018923904,43.7633709856558,7.462067130235464,0.0012726673982670364,15080.228553148116,149602.10411424542,0.06789741449569618,0.03157651687923589,0.0257158572592868,0.019904683433898597,0.01407262057107724,0.011470762496782866,0.010098564978981383,0.009806565279247333,0.009748924940661728,0.010062483914324115,0.010957026223226286,0.012352905430524178,0.012680092546255255,0.012031862149332266,0.010034557393691555,0.00923027359947382,0.008779316144299236,0.00921150697760874,0.010069968221853642,0.012423727086848352,0.01615783801366925,0.02270515492293174,0.02696484296805742,0.03005418638651377,0.07334855961708943,0.5126437880694329
20260702_152945.jpg,screen,506.43382199598176,0.0831929932583145,122.10321999485258,60.18247666681162,7.696265242374104,0.009202123666676198,17233.553592100452,191238.77813256733,0.0665732505933827,0.03081926134576339,0.02777437694815408,0.021299110462123596,0.015319595570362322,0.0122979460379193,0.010681112199376591,0.010299077397123166,0.010368781992622037,0.011011091967170922,0.012187021897966771,0.01396616467442592,0.014566361455860906,0.013584129872172496,0.01119574212159341,0.010111746296719952,0.009381523635219767,0.009483511288569876,0.010265453866281563,0.012579557071978038,0.01669961251394092,0.023725478280762963,0.02887233603334382,0.028073414131087535,0.07435927625182304,0.49450506609425493
20260702_152947.jpg,screen,745.1937662821949,0.08793123016099974,124.69544464829563,58.155328762754934,7.726387950318875,0.01117630526323315,18145.689571998188,147101.0885169567,0.07025675866481741,0.034825041465297836,0.028319279218736594,0.019909598501529926,0.013075196960164718,0.009648277760301981,0.007765024914924648,0.007204818911035488,0.007071441848494381,0.007457944894049015,0.008056466084246046,0.00929997819497269,0.009681566172895993,0.009334607080557064,0.007896391267980212,0.007365675669879035,0.0070258657668220426,0.007287704824272928,0.008160799565329292,0.01060705106665904,0.01455005236781149,0.02232055088078012,0.029497219859017987,0.031948163015814005,0.07694772959621379,0.5344867954473963
20260702_152948.jpg,screen,1234.0598447503423,0.1329529145457405,121.9260459934156,56.02687040630439,7.71393811326045,0.00847994384311819,23720.457529695515,233744.54522944044,0.06434527277731705,0.033649334946667046,0.027083139709456947,0.019365813291772713,0.013153949748348538,0.010350015370756957,0.008796853999256485,0.008560819046870085,0.009158893412736995,0.010295167684234607,0.011634747025937258,0.013935110383482514,0.014845514956103978,0.013628142068689411,0.011075769788955933,0.009829018201835911,0.008728266464582916,0.008559478573879722,0.008992898174097057,0.011024496697074553,0.014825519567331065,0.02191293538562727,0.028430315064771654,0.030166897823786783,0.07208996718522119,0.5155616626512054
20260702_152953.jpg,screen,619.4081544479676,0.057667818281906834,131.47722156588694,56.612875106251636,7.645230062416596,0.0009454802825359604,14209.892788031057,113001.68632609861,0.0718369529082902,0.03436950406073951,0.0264021794303526,0.018305052332065544,0.01144987345934971,0.00824815372186794,0.0067691651891675485,0.006341554305241786,0.00641796126569247,0.007011902506505762,0.008048199834138809,0.010011434234607796,0.011012432440161285,0.010367329813549143,0.008164039041722668,0.0072231387085704485,0.0065573704566902116,0.006719455982441591,0.007447891346621293,0.009498703315793989,0.013416682454459664,0.021276322421287425,0.02772388579885041,0.03266051270410936,0.07659395643284052,0.5461263458348823
20260702_152955.jpg,screen,233.55345371364936,0.022058935235494296,134.52700326986044,62.74304175329009,7.6007039843220285,0.011546275808573307,11001.857480473873,141894.0364624077,0.05635761763990963,0.030156620864194,0.02283026573536561,0.01620453115616689,0.01189960214761646,0.01005041965741085,0.009171404493980382,0.009514453873430752,0.010445524071320312,0.012269125868626498,0.015373884726472019,0.021063857452314906,0.024193415060482143,0.021108204767079412,0.015282732563127342,0.012364411157024793,0.010580800137264434,0.010139784523435042,0.010364983985816008,0.012079448940490149,0.014553068432039807,0.019830957419428637,0.02548585443535703,0.02864668974663273,0.06835518602190511,0.5016771551231091
20260702_152956.jpg,screen,417.531657990822,0.038786921094397894,133.46835679458948,56.99492546492205,7.577247507223819,0.001934079112928594,12153.618658587855,127032.37748296579,0.06939516965026166,0.032418445623266325,0.02605510863193114,0.01897540053332952,0.012572184470531041,0.00948094204867168,0.008120920493865995,0.007952579427492923,0.008230280748663102,0.008982844626669336,0.010107278053418742,0.01183883403872001,0.012473324587491778,0.011835482856244101,0.009843093168234722,0.008787694100489005,0.007987990255655008,0.008126282385827447,0.008612538963081586,0.01075941816323029,0.014524806793159655,0.022173992500500443,0.027726008214418486,0.030654383167948756,0.07609328977093997,0.5262717067259572
20260702_152958.jpg,screen,667.8592867285126,0.08856795483142212,147.88403389430638,51.94808398070371,7.563839599563156,0.0027982373673825387,17403.360694917552,141687.61401531103,0.07254528117761445,0.03666182458034259,0.0277327105793703,0.018264949848437188,0.011543818274757643,0.008557802982641768,0.006701694715319283,0.006090885856043925,0.005850047542108725,0.006140706768852412,0.0067743036689639395,0.008290713739311962,0.008849467564128228,0.00848418867425434,0.006931250714918928,0.006571333717006492,0.006364118933912894,0.006576695608967943,0.0075179310603677545,0.009877945465984157,0.013700862728416597,0.020966338042266008,0.028850776759415483,0.034019417198089735,0.07790951896679917,0.5482254148317081
20260702_152959.jpg,screen,581.7971694848203,0.06733128806943292,126.38522211190626,69.16806715395072,7.670417944142167,0.018633691626869512,14364.942404299467,166911.8561881589,0.05843535077497212,0.028851446995910662,0.02307155087363093,0.01837308133632646,0.013500350310274814,0.011271032021218794,0.010226245031313448,0.01037905895221482,0.011014219737481769,0.012882839086047641,0.01586516807744002,0.021544081901112414,0.02471698146930138,0.022980510416368782,0.017950273813949497,0.015571604492550545,0.013612279804970116,0.012933218529268781,0.012564029926506334,0.013680979045726214,0.01594090480139552,0.021047660070348022,0.024194085296977322,0.026435802961194202,0.06477969773227717,0.47817754654122224
20260702_153001.jpg,screen,264.69288116717547,0.016484801717235265,130.87628696577684,55.5361504807824,7.681665682875496,0.0006867689953959221,11052.951851711705,106984.45619172721,0.062777031084675,0.03245218086019046,0.023942411493036688,0.016392532493065288,0.01157967592724985,0.009274285795990735,0.007717996654179416,0.0074443167519803255,0.0074623014312676945,0.007933589393462781,0.008640912308044268,0.01107387078555292,0.011539573443621493,0.012073975342446166,0.009635208148645944,0.009085725928679688,0.008650295618976808,0.008742118018816665,0.009298414309817267,0.011156756698790357,0.013386186693928909,0.018778351003746176,0.025706585654436787,0.03263024035574366,0.06927240466556092,0.5533530591380937
20260702_153003.jpg,screen,1632.475636249425,0.1583895065987017,126.19030806750264,67.1207172141406,7.752016528692689,0.026618665818296205,27797.49476882514,219546.14499642365,0.04570286807601018,0.026007856959020848,0.020316320348022533,0.01576385066058509,0.013680197103148503,0.014705323822528526,0.01768776452000343,0.023225816973605193,0.026548626104549743,0.02701466388086591,0.02719160631559381,0.0290222455960994,0.026785889823843976,0.02211132538820098,0.01597653904172267,0.014224764255483429,0.012811012074980697,0.012998901705796562,0.01375325288112328,0.016500105450541907,0.018504782807629613,0.02201045479567617,0.024599466670479568,0.023471235236924133,0.05131810943264034,0.4380670200749235
20260702_153004.jpg,screen,352.634648758021,0.06017930613543424,133.4851485646215,64.25338670310533,7.7073315574338075,0.009925643963224571,12661.401753489576,192492.424722567,0.05585147737996511,0.025385765785409936,0.022347807164917497,0.01957202272012354,0.016564559860161858,0.014917677085418513,0.01396582955617833,0.01433211380079499,0.014895335868912465,0.016638509286796877,0.02018886370785553,0.026340741084960966,0.029490964318396293,0.02548987585432812,0.01870071527638766,0.01508255526323315,0.013116975035031028,0.01259877051817324,0.013140545018444909,0.015507596907260716,0.01862676584975264,0.02291862524664703,0.024347904572621464,0.023755862335211188,0.06342850095799137,0.4427936395450256
